title,rating,price,link
,,,
TrustBasket Nutrient Rich Organic Vermicompost Fertilizer Manure For Plants | Vermicompost For Plants | Compost For Plants Home Garden - 5 Kg,4.2 out of 5 stars,299,https://www.amazon.in/TrustBasket-Organic-Vermicompost-Fertilizer-Manure/dp/B07PRXV7MJ/ref=sr_1_5?crid=27HS7KF1705CM&dib=eyJ2IjoiMSJ9.CTbbbRw1iazxdCXNHHMPxatstSNgxRwFIEtSuqMmDmjQvq61C_fjwvjWZvjUPhPVPN1Ko0PF1Yh7rBvrGNOz1i-omPgdZlVcgycq2E_kZ5m-6_WVwUkAStiY0hnzsUFGQsYDwbjpGg-Lq53fK6LXtQoCsx-BBsm6cU_EL_XagFVc6bSASTfLcMyPLNNwA17z9iUaHDa1G54yIts4VtIzZoGBN_ZLiex4006oI9paMGFi9eZRAUG-96B-SLSEHeawlKMdI6IoeFzhRF0_qxQaYh8LN99rRzF4-lUkvvGfBBM.In-9m5g6aaqDENsZLpjagGS0KAgqZ59TsUtruUTmPWs&dib_tag=se&keywords=fertilizer+for+plants&qid=1729346173&sprefix=fer%2Caps%2C196&sr=8-5
OrganicDews Liquid Seaweed Concentrate for Plants 250 ml with Measuring Cup 25 ml Fertilizer for All Indoor and Outdoor Plants 250 ml,4.1 out of 5 stars,242,https://www.amazon.in/OrganicDews-Liquid-Seaweed-Extract-Measuring/dp/B00VASGL7W/ref=sr_1_6?crid=27HS7KF1705CM&dib=eyJ2IjoiMSJ9.CTbbbRw1iazxdCXNHHMPxatstSNgxRwFIEtSuqMmDmjQvq61C_fjwvjWZvjUPhPVPN1Ko0PF1Yh7rBvrGNOz1i-omPgdZlVcgycq2E_kZ5m-6_WVwUkAStiY0hnzsUFGQsYDwbjpGg-Lq53fK6LXtQoCsx-BBsm6cU_EL_XagFVc6bSASTfLcMyPLNNwA17z9iUaHDa1G54yIts4VtIzZoGBN_ZLiex4006oI9paMGFi9eZRAUG-96B-SLSEHeawlKMdI6IoeFzhRF0_qxQaYh8LN99rRzF4-lUkvvGfBBM.In-9m5g6aaqDENsZLpjagGS0KAgqZ59TsUtruUTmPWs&dib_tag=se&keywords=fertilizer+for+plants&qid=1729346173&sprefix=fer%2Caps%2C196&sr=8-6
Go Garden NPK 19 19 19 for all plant Growth Fruting Flowring 450 Gram,4.2 out of 5 stars,199,https://www.amazon.in/Go-Garden-19-Fertilizer-Gardening/dp/B0C5JWLJ8P/ref=sr_1_7?crid=27HS7KF1705CM&dib=eyJ2IjoiMSJ9.CTbbbRw1iazxdCXNHHMPxatstSNgxRwFIEtSuqMmDmjQvq61C_fjwvjWZvjUPhPVPN1Ko0PF1Yh7rBvrGNOz1i-omPgdZlVcgycq2E_kZ5m-6_WVwUkAStiY0hnzsUFGQsYDwbjpGg-Lq53fK6LXtQoCsx-BBsm6cU_EL_XagFVc6bSASTfLcMyPLNNwA17z9iUaHDa1G54yIts4VtIzZoGBN_ZLiex4006oI9paMGFi9eZRAUG-96B-SLSEHeawlKMdI6IoeFzhRF0_qxQaYh8LN99rRzF4-lUkvvGfBBM.In-9m5g6aaqDENsZLpjagGS0KAgqZ59TsUtruUTmPWs&dib_tag=se&keywords=fertilizer+for+plants&qid=1729346173&sprefix=fer%2Caps%2C196&sr=8-7
TrustBasket Epsom Salt for plants (1 KG) | Contains Magnesium Sulfur | Water Soluble Plant Fertilizer | Prevents yellowing of leaves | Plant growth supplement,4.2 out of 5 stars,169,https://www.amazon.in/TrustBasket-Epsom-Plant-Growth-Nutrient/dp/B094R3VY99/ref=sr_1_8?crid=27HS7KF1705CM&dib=eyJ2IjoiMSJ9.CTbbbRw1iazxdCXNHHMPxatstSNgxRwFIEtSuqMmDmjQvq61C_fjwvjWZvjUPhPVPN1Ko0PF1Yh7rBvrGNOz1i-omPgdZlVcgycq2E_kZ5m-6_WVwUkAStiY0hnzsUFGQsYDwbjpGg-Lq53fK6LXtQoCsx-BBsm6cU_EL_XagFVc6bSASTfLcMyPLNNwA17z9iUaHDa1G54yIts4VtIzZoGBN_ZLiex4006oI9paMGFi9eZRAUG-96B-SLSEHeawlKMdI6IoeFzhRF0_qxQaYh8LN99rRzF4-lUkvvGfBBM.In-9m5g6aaqDENsZLpjagGS0KAgqZ59TsUtruUTmPWs&dib_tag=se&keywords=fertilizer+for+plants&qid=1729346173&sprefix=fer%2Caps%2C196&sr=8-8
Ugaoo Organic Vermicompost Fertilizer Manure For Plants - 5 Kg,4.2 out of 5 stars,299,https://www.amazon.in/Ugaoo-Organic-Vermicompost-Fertilizer-Plants/dp/B0BDVN579S/ref=sr_1_9?crid=27HS7KF1705CM&dib=eyJ2IjoiMSJ9.CTbbbRw1iazxdCXNHHMPxatstSNgxRwFIEtSuqMmDmjQvq61C_fjwvjWZvjUPhPVPN1Ko0PF1Yh7rBvrGNOz1i-omPgdZlVcgycq2E_kZ5m-6_WVwUkAStiY0hnzsUFGQsYDwbjpGg-Lq53fK6LXtQoCsx-BBsm6cU_EL_XagFVc6bSASTfLcMyPLNNwA17z9iUaHDa1G54yIts4VtIzZoGBN_ZLiex4006oI9paMGFi9eZRAUG-96B-SLSEHeawlKMdI6IoeFzhRF0_qxQaYh8LN99rRzF4-lUkvvGfBBM.In-9m5g6aaqDENsZLpjagGS0KAgqZ59TsUtruUTmPWs&dib_tag=se&keywords=fertilizer+for+plants&qid=1729346173&sprefix=fer%2Caps%2C196&sr=8-9
Ugaoo Neem Cake Powder for Plants 5 Kg - Organic Fertilizer & Pest Repellent,4.0 out of 5 stars,364,https://www.amazon.in/Ugaoo-Neem-Cake-Powder-Plants/dp/B09CZCXVGY/ref=sr_1_10?crid=27HS7KF1705CM&dib=eyJ2IjoiMSJ9.CTbbbRw1iazxdCXNHHMPxatstSNgxRwFIEtSuqMmDmjQvq61C_fjwvjWZvjUPhPVPN1Ko0PF1Yh7rBvrGNOz1i-omPgdZlVcgycq2E_kZ5m-6_WVwUkAStiY0hnzsUFGQsYDwbjpGg-Lq53fK6LXtQoCsx-BBsm6cU_EL_XagFVc6bSASTfLcMyPLNNwA17z9iUaHDa1G54yIts4VtIzZoGBN_ZLiex4006oI9paMGFi9eZRAUG-96B-SLSEHeawlKMdI6IoeFzhRF0_qxQaYh8LN99rRzF4-lUkvvGfBBM.In-9m5g6aaqDENsZLpjagGS0KAgqZ59TsUtruUTmPWs&dib_tag=se&keywords=fertilizer+for+plants&qid=1729346173&sprefix=fer%2Caps%2C196&sr=8-10
TrustBasket Neem Cake Powder Organic Fertilizer and Pest Repellent for Plants (450 GMS),4.1 out of 5 stars,144,https://www.amazon.in/TrustBasket-Powder-Organic-Fertilizer-Repellent/dp/B07XP89S1Z/ref=sr_1_11?crid=27HS7KF1705CM&dib=eyJ2IjoiMSJ9.CTbbbRw1iazxdCXNHHMPxatstSNgxRwFIEtSuqMmDmjQvq61C_fjwvjWZvjUPhPVPN1Ko0PF1Yh7rBvrGNOz1i-omPgdZlVcgycq2E_kZ5m-6_WVwUkAStiY0hnzsUFGQsYDwbjpGg-Lq53fK6LXtQoCsx-BBsm6cU_EL_XagFVc6bSASTfLcMyPLNNwA17z9iUaHDa1G54yIts4VtIzZoGBN_ZLiex4006oI9paMGFi9eZRAUG-96B-SLSEHeawlKMdI6IoeFzhRF0_qxQaYh8LN99rRzF4-lUkvvGfBBM.In-9m5g6aaqDENsZLpjagGS0KAgqZ59TsUtruUTmPWs&dib_tag=se&keywords=fertilizer+for+plants&qid=1729346173&sprefix=fer%2Caps%2C196&sr=8-11
Ugaoo Cow Dung Manure Fertilizers for Plants & Home Gardening - 5 kg,4.3 out of 5 stars,339,https://www.amazon.in/Ugaoo-Cow-Manure-Kg-Fertilizer/dp/B07RGTVD1P/ref=sr_1_12?crid=27HS7KF1705CM&dib=eyJ2IjoiMSJ9.CTbbbRw1iazxdCXNHHMPxatstSNgxRwFIEtSuqMmDmjQvq61C_fjwvjWZvjUPhPVPN1Ko0PF1Yh7rBvrGNOz1i-omPgdZlVcgycq2E_kZ5m-6_WVwUkAStiY0hnzsUFGQsYDwbjpGg-Lq53fK6LXtQoCsx-BBsm6cU_EL_XagFVc6bSASTfLcMyPLNNwA17z9iUaHDa1G54yIts4VtIzZoGBN_ZLiex4006oI9paMGFi9eZRAUG-96B-SLSEHeawlKMdI6IoeFzhRF0_qxQaYh8LN99rRzF4-lUkvvGfBBM.In-9m5g6aaqDENsZLpjagGS0KAgqZ59TsUtruUTmPWs&dib_tag=se&keywords=fertilizer+for+plants&qid=1729346173&sprefix=fer%2Caps%2C196&sr=8-12
SAPRETAILER Epsom Salt Magnesium Sulphate Fertilizer for Plants 1 Kg,4.2 out of 5 stars,80,https://www.amazon.in/SAPRETAILER-Magnesium-Sulphate-Fertilizer-Plants/dp/B09LSNXGXP/ref=sr_1_13?crid=27HS7KF1705CM&dib=eyJ2IjoiMSJ9.CTbbbRw1iazxdCXNHHMPxatstSNgxRwFIEtSuqMmDmjQvq61C_fjwvjWZvjUPhPVPN1Ko0PF1Yh7rBvrGNOz1i-omPgdZlVcgycq2E_kZ5m-6_WVwUkAStiY0hnzsUFGQsYDwbjpGg-Lq53fK6LXtQoCsx-BBsm6cU_EL_XagFVc6bSASTfLcMyPLNNwA17z9iUaHDa1G54yIts4VtIzZoGBN_ZLiex4006oI9paMGFi9eZRAUG-96B-SLSEHeawlKMdI6IoeFzhRF0_qxQaYh8LN99rRzF4-lUkvvGfBBM.In-9m5g6aaqDENsZLpjagGS0KAgqZ59TsUtruUTmPWs&dib_tag=se&keywords=fertilizer+for+plants&qid=1729346173&sprefix=fer%2Caps%2C196&sr=8-13
"Erwon Npk Nitrogen Powder Potassium Phosphorus Fertilizer, Organic Powerful Fertilizer For Overall Growth Of Plants (200 Gm)",3.9 out of 5 stars,152,https://www.amazon.in/Potassium-Phosphorus-Fertilizer-Erwon-Fungicide/dp/B097GTP9TY/ref=sr_1_14?crid=27HS7KF1705CM&dib=eyJ2IjoiMSJ9.CTbbbRw1iazxdCXNHHMPxatstSNgxRwFIEtSuqMmDmjQvq61C_fjwvjWZvjUPhPVPN1Ko0PF1Yh7rBvrGNOz1i-omPgdZlVcgycq2E_kZ5m-6_WVwUkAStiY0hnzsUFGQsYDwbjpGg-Lq53fK6LXtQoCsx-BBsm6cU_EL_XagFVc6bSASTfLcMyPLNNwA17z9iUaHDa1G54yIts4VtIzZoGBN_ZLiex4006oI9paMGFi9eZRAUG-96B-SLSEHeawlKMdI6IoeFzhRF0_qxQaYh8LN99rRzF4-lUkvvGfBBM.In-9m5g6aaqDENsZLpjagGS0KAgqZ59TsUtruUTmPWs&dib_tag=se&keywords=fertilizer+for+plants&qid=1729346173&sprefix=fer%2Caps%2C196&sr=8-14
Ugaoo Organic Bone Meal Powder Fertilizer for Plants - 1 Kg,4.1 out of 5 stars,189,https://www.amazon.in/Ugaoo-Organic-Powder-Fertilizer-Plants/dp/B09P8RR5F9/ref=sr_1_15?crid=27HS7KF1705CM&dib=eyJ2IjoiMSJ9.CTbbbRw1iazxdCXNHHMPxatstSNgxRwFIEtSuqMmDmjQvq61C_fjwvjWZvjUPhPVPN1Ko0PF1Yh7rBvrGNOz1i-omPgdZlVcgycq2E_kZ5m-6_WVwUkAStiY0hnzsUFGQsYDwbjpGg-Lq53fK6LXtQoCsx-BBsm6cU_EL_XagFVc6bSASTfLcMyPLNNwA17z9iUaHDa1G54yIts4VtIzZoGBN_ZLiex4006oI9paMGFi9eZRAUG-96B-SLSEHeawlKMdI6IoeFzhRF0_qxQaYh8LN99rRzF4-lUkvvGfBBM.In-9m5g6aaqDENsZLpjagGS0KAgqZ59TsUtruUTmPWs&dib_tag=se&keywords=fertilizer+for+plants&qid=1729346173&sprefix=fer%2Caps%2C196&sr=8-15
"GREENLOOP-All In One Plant Food,Mixed Fertilizer For House Plants,Complete Nutrition With Micronutrients-For Better Plant Growth,10 Sachets,200 Gm,Powder",3.9 out of 5 stars,330,https://www.amazon.in/GREENLOOP-All-Fertilizer-Complete-Nutrition-Micronutrients/dp/B07M5PF634/ref=sr_1_16?crid=27HS7KF1705CM&dib=eyJ2IjoiMSJ9.CTbbbRw1iazxdCXNHHMPxatstSNgxRwFIEtSuqMmDmjQvq61C_fjwvjWZvjUPhPVPN1Ko0PF1Yh7rBvrGNOz1i-omPgdZlVcgycq2E_kZ5m-6_WVwUkAStiY0hnzsUFGQsYDwbjpGg-Lq53fK6LXtQoCsx-BBsm6cU_EL_XagFVc6bSASTfLcMyPLNNwA17z9iUaHDa1G54yIts4VtIzZoGBN_ZLiex4006oI9paMGFi9eZRAUG-96B-SLSEHeawlKMdI6IoeFzhRF0_qxQaYh8LN99rRzF4-lUkvvGfBBM.In-9m5g6aaqDENsZLpjagGS0KAgqZ59TsUtruUTmPWs&dib_tag=se&keywords=fertilizer+for+plants&qid=1729346173&sprefix=fer%2Caps%2C196&sr=8-16
Ugaoo Epsom Salt for Plants Growth - Magnesium Sulphate Organic Fertilizer - 1 Kg |Powder,4.3 out of 5 stars,189,https://www.amazon.in/Ugaoo-Epsom-Salt-Plants-Growth/dp/B09CZDZSLG/ref=sr_1_17?crid=27HS7KF1705CM&dib=eyJ2IjoiMSJ9.CTbbbRw1iazxdCXNHHMPxatstSNgxRwFIEtSuqMmDmjQvq61C_fjwvjWZvjUPhPVPN1Ko0PF1Yh7rBvrGNOz1i-omPgdZlVcgycq2E_kZ5m-6_WVwUkAStiY0hnzsUFGQsYDwbjpGg-Lq53fK6LXtQoCsx-BBsm6cU_EL_XagFVc6bSASTfLcMyPLNNwA17z9iUaHDa1G54yIts4VtIzZoGBN_ZLiex4006oI9paMGFi9eZRAUG-96B-SLSEHeawlKMdI6IoeFzhRF0_qxQaYh8LN99rRzF4-lUkvvGfBBM.In-9m5g6aaqDENsZLpjagGS0KAgqZ59TsUtruUTmPWs&dib_tag=se&keywords=fertilizer+for+plants&qid=1729346173&sprefix=fer%2Caps%2C196&sr=8-17
"Shiviproducts NPK 20-20-20 home gardening Fertilizers for Plants (400 gm),powder + Organic Humic Acid Fertilizer for Root Growth (free sample),powder",4.0 out of 5 stars,199,https://www.amazon.in/Shiviproducts-20-20-20-gardening-Fertilizers-Fertilizer/dp/B07B2FRGKH/ref=sr_1_18?crid=27HS7KF1705CM&dib=eyJ2IjoiMSJ9.CTbbbRw1iazxdCXNHHMPxatstSNgxRwFIEtSuqMmDmjQvq61C_fjwvjWZvjUPhPVPN1Ko0PF1Yh7rBvrGNOz1i-omPgdZlVcgycq2E_kZ5m-6_WVwUkAStiY0hnzsUFGQsYDwbjpGg-Lq53fK6LXtQoCsx-BBsm6cU_EL_XagFVc6bSASTfLcMyPLNNwA17z9iUaHDa1G54yIts4VtIzZoGBN_ZLiex4006oI9paMGFi9eZRAUG-96B-SLSEHeawlKMdI6IoeFzhRF0_qxQaYh8LN99rRzF4-lUkvvGfBBM.In-9m5g6aaqDENsZLpjagGS0KAgqZ59TsUtruUTmPWs&dib_tag=se&keywords=fertilizer+for+plants&qid=1729346173&sprefix=fer%2Caps%2C196&sr=8-18
"Bloombuddy All Purpose Plant Feed Fertilizer 1 KG Granules | Hassle-Free Nutrient Boost, Growth Supplement & Complete Plant Food | Enriches Soil with NPK, Micro & Macro Nutrients",4.0 out of 5 stars,349,https://www.amazon.in/Bloombuddy-Fertilizer-KG-Hassle-Free-Supplement/dp/B073TSYKVG/ref=sr_1_19?crid=27HS7KF1705CM&dib=eyJ2IjoiMSJ9.CTbbbRw1iazxdCXNHHMPxatstSNgxRwFIEtSuqMmDmjQvq61C_fjwvjWZvjUPhPVPN1Ko0PF1Yh7rBvrGNOz1i-omPgdZlVcgycq2E_kZ5m-6_WVwUkAStiY0hnzsUFGQsYDwbjpGg-Lq53fK6LXtQoCsx-BBsm6cU_EL_XagFVc6bSASTfLcMyPLNNwA17z9iUaHDa1G54yIts4VtIzZoGBN_ZLiex4006oI9paMGFi9eZRAUG-96B-SLSEHeawlKMdI6IoeFzhRF0_qxQaYh8LN99rRzF4-lUkvvGfBBM.In-9m5g6aaqDENsZLpjagGS0KAgqZ59TsUtruUTmPWs&dib_tag=se&keywords=fertilizer+for+plants&qid=1729346173&sprefix=fer%2Caps%2C196&sr=8-19
"Cocogarden Steamed Bone Meal for Plants 900 gms - Organic fertilizer Powder for Home Gardening, Rich in Phosphorus and Calcium, Nutrient Supplement, Promotes Flowering, Fruiting & Root Development",4.1 out of 5 stars,130,https://www.amazon.in/Cocogarden-Steamed-Organic-3-15-0-Fertilizer/dp/B00ZNO9O50/ref=sr_1_20?crid=27HS7KF1705CM&dib=eyJ2IjoiMSJ9.CTbbbRw1iazxdCXNHHMPxatstSNgxRwFIEtSuqMmDmjQvq61C_fjwvjWZvjUPhPVPN1Ko0PF1Yh7rBvrGNOz1i-omPgdZlVcgycq2E_kZ5m-6_WVwUkAStiY0hnzsUFGQsYDwbjpGg-Lq53fK6LXtQoCsx-BBsm6cU_EL_XagFVc6bSASTfLcMyPLNNwA17z9iUaHDa1G54yIts4VtIzZoGBN_ZLiex4006oI9paMGFi9eZRAUG-96B-SLSEHeawlKMdI6IoeFzhRF0_qxQaYh8LN99rRzF4-lUkvvGfBBM.In-9m5g6aaqDENsZLpjagGS0KAgqZ59TsUtruUTmPWs&dib_tag=se&keywords=fertilizer+for+plants&qid=1729346173&sprefix=fer%2Caps%2C196&sr=8-20
"Bloombuddy Growth Booster Fertilizer 1 KG Granules | Home Garden Plants | Indoor & Outdoor | All-in-One Plant Growth Enhancer & Supplement | Flowers, Fruits, Veggies, Herbs",3.9 out of 5 stars,289,https://www.amazon.in/Bloombuddy-Fertilizer-KG-Granules-Supplement/dp/B072V2C572/ref=sr_1_25?crid=27HS7KF1705CM&dib=eyJ2IjoiMSJ9.CTbbbRw1iazxdCXNHHMPxatstSNgxRwFIEtSuqMmDmjQvq61C_fjwvjWZvjUPhPVPN1Ko0PF1Yh7rBvrGNOz1i-omPgdZlVcgycq2E_kZ5m-6_WVwUkAStiY0hnzsUFGQsYDwbjpGg-Lq53fK6LXtQoCsx-BBsm6cU_EL_XagFVc6bSASTfLcMyPLNNwA17z9iUaHDa1G54yIts4VtIzZoGBN_ZLiex4006oI9paMGFi9eZRAUG-96B-SLSEHeawlKMdI6IoeFzhRF0_qxQaYh8LN99rRzF4-lUkvvGfBBM.In-9m5g6aaqDENsZLpjagGS0KAgqZ59TsUtruUTmPWs&dib_tag=se&keywords=fertilizer+for+plants&qid=1729346173&sprefix=fer%2Caps%2C196&sr=8-25
SJ Organics Vermicompost For Plants - 5 Kg | Odorless Fertilizer Powder | Ready to Use Organic Manure | Fertilizers for Plant Home Garden | Enriched Plant Food Fertilisers | Compost for Indoor plants,4.0 out of 5 stars,229,https://www.amazon.in/Organics-Vermicompost-Plants-Fertilizers-Fertilisers/dp/B0CHZ8SLW8/ref=sr_1_26?crid=27HS7KF1705CM&dib=eyJ2IjoiMSJ9.CTbbbRw1iazxdCXNHHMPxatstSNgxRwFIEtSuqMmDmjQvq61C_fjwvjWZvjUPhPVPN1Ko0PF1Yh7rBvrGNOz1i-omPgdZlVcgycq2E_kZ5m-6_WVwUkAStiY0hnzsUFGQsYDwbjpGg-Lq53fK6LXtQoCsx-BBsm6cU_EL_XagFVc6bSASTfLcMyPLNNwA17z9iUaHDa1G54yIts4VtIzZoGBN_ZLiex4006oI9paMGFi9eZRAUG-96B-SLSEHeawlKMdI6IoeFzhRF0_qxQaYh8LN99rRzF4-lUkvvGfBBM.In-9m5g6aaqDENsZLpjagGS0KAgqZ59TsUtruUTmPWs&dib_tag=se&keywords=fertilizer+for+plants&qid=1729346173&sprefix=fer%2Caps%2C196&sr=8-26
"Kraft Seeds by 10CLUB Vermicompost - 20 kg | Enriched with Cow Urine, Cow Dung, Organic | Vermicompost for Agriculture Farming Greenhouse | Fertiliser Manure for All Plants | Non-toxic, Odorless",4.0 out of 5 stars,669,https://www.amazon.in/Kraft-Seeds-Vermicompost-Complete-Enriched/dp/B092RGM3ST/ref=sr_1_27?crid=27HS7KF1705CM&dib=eyJ2IjoiMSJ9.CTbbbRw1iazxdCXNHHMPxatstSNgxRwFIEtSuqMmDmjQvq61C_fjwvjWZvjUPhPVPN1Ko0PF1Yh7rBvrGNOz1i-omPgdZlVcgycq2E_kZ5m-6_WVwUkAStiY0hnzsUFGQsYDwbjpGg-Lq53fK6LXtQoCsx-BBsm6cU_EL_XagFVc6bSASTfLcMyPLNNwA17z9iUaHDa1G54yIts4VtIzZoGBN_ZLiex4006oI9paMGFi9eZRAUG-96B-SLSEHeawlKMdI6IoeFzhRF0_qxQaYh8LN99rRzF4-lUkvvGfBBM.In-9m5g6aaqDENsZLpjagGS0KAgqZ59TsUtruUTmPWs&dib_tag=se&keywords=fertilizer+for+plants&qid=1729346173&sprefix=fer%2Caps%2C196&sr=8-27
UGAOO Plant Food Fertilizer Sticks For All Home Garden Indoor & Outdoor Plants - Pack Of 20,3.5 out of 5 stars,244,https://www.amazon.in/UGAOO-Fertilizer-Sticks-Garden-Outdoor/dp/B0C85J4R9V/ref=sr_1_28?crid=27HS7KF1705CM&dib=eyJ2IjoiMSJ9.CTbbbRw1iazxdCXNHHMPxatstSNgxRwFIEtSuqMmDmjQvq61C_fjwvjWZvjUPhPVPN1Ko0PF1Yh7rBvrGNOz1i-omPgdZlVcgycq2E_kZ5m-6_WVwUkAStiY0hnzsUFGQsYDwbjpGg-Lq53fK6LXtQoCsx-BBsm6cU_EL_XagFVc6bSASTfLcMyPLNNwA17z9iUaHDa1G54yIts4VtIzZoGBN_ZLiex4006oI9paMGFi9eZRAUG-96B-SLSEHeawlKMdI6IoeFzhRF0_qxQaYh8LN99rRzF4-lUkvvGfBBM.In-9m5g6aaqDENsZLpjagGS0KAgqZ59TsUtruUTmPWs&dib_tag=se&keywords=fertilizer+for+plants&qid=1729346173&sprefix=fer%2Caps%2C196&sr=8-28
Go Garden Growth Boost Liquid Fertilizer: Enhance Plant Growth and Flowering | Home Garden Growth Booster for All Types of Plants | Liquid Fertiliser for Indoor and Outdoor Gardens 250 ML,3.8 out of 5 stars,183,https://www.amazon.in/Go-Garden-Growth-Liquid-Fertilizer/dp/B0CCYY9GHJ/ref=sr_1_29?crid=27HS7KF1705CM&dib=eyJ2IjoiMSJ9.CTbbbRw1iazxdCXNHHMPxatstSNgxRwFIEtSuqMmDmjQvq61C_fjwvjWZvjUPhPVPN1Ko0PF1Yh7rBvrGNOz1i-omPgdZlVcgycq2E_kZ5m-6_WVwUkAStiY0hnzsUFGQsYDwbjpGg-Lq53fK6LXtQoCsx-BBsm6cU_EL_XagFVc6bSASTfLcMyPLNNwA17z9iUaHDa1G54yIts4VtIzZoGBN_ZLiex4006oI9paMGFi9eZRAUG-96B-SLSEHeawlKMdI6IoeFzhRF0_qxQaYh8LN99rRzF4-lUkvvGfBBM.In-9m5g6aaqDENsZLpjagGS0KAgqZ59TsUtruUTmPWs&dib_tag=se&keywords=fertilizer+for+plants&qid=1729346173&sprefix=fer%2Caps%2C196&sr=8-29
Greenwood 100% Organic Vermicompost Fertilizer Manure For Plants As Insecticide - 5 Kg for Home Gardening | Soil Mix for Pot Plants | Compost Garden Soil | Natural Booster for Flowering Plant,4.1 out of 5 stars,229,https://www.amazon.in/Greenwood-Vermicompost-Fertilizer-Enriched-Insecticide/dp/B09CPQHW9L/ref=sr_1_30?crid=27HS7KF1705CM&dib=eyJ2IjoiMSJ9.CTbbbRw1iazxdCXNHHMPxatstSNgxRwFIEtSuqMmDmjQvq61C_fjwvjWZvjUPhPVPN1Ko0PF1Yh7rBvrGNOz1i-omPgdZlVcgycq2E_kZ5m-6_WVwUkAStiY0hnzsUFGQsYDwbjpGg-Lq53fK6LXtQoCsx-BBsm6cU_EL_XagFVc6bSASTfLcMyPLNNwA17z9iUaHDa1G54yIts4VtIzZoGBN_ZLiex4006oI9paMGFi9eZRAUG-96B-SLSEHeawlKMdI6IoeFzhRF0_qxQaYh8LN99rRzF4-lUkvvGfBBM.In-9m5g6aaqDENsZLpjagGS0KAgqZ59TsUtruUTmPWs&dib_tag=se&keywords=fertilizer+for+plants&qid=1729346173&sprefix=fer%2Caps%2C196&sr=8-30
TrustBasket Cow Dung Manure for Plants - 5 Kg | Fertilizer for plants | Manure for home gardening,4.2 out of 5 stars,322,https://www.amazon.in/Trust-basket-Cow-Manure-Plant/dp/B07Q3VYJYB/ref=sr_1_31?crid=27HS7KF1705CM&dib=eyJ2IjoiMSJ9.CTbbbRw1iazxdCXNHHMPxatstSNgxRwFIEtSuqMmDmjQvq61C_fjwvjWZvjUPhPVPN1Ko0PF1Yh7rBvrGNOz1i-omPgdZlVcgycq2E_kZ5m-6_WVwUkAStiY0hnzsUFGQsYDwbjpGg-Lq53fK6LXtQoCsx-BBsm6cU_EL_XagFVc6bSASTfLcMyPLNNwA17z9iUaHDa1G54yIts4VtIzZoGBN_ZLiex4006oI9paMGFi9eZRAUG-96B-SLSEHeawlKMdI6IoeFzhRF0_qxQaYh8LN99rRzF4-lUkvvGfBBM.In-9m5g6aaqDENsZLpjagGS0KAgqZ59TsUtruUTmPWs&dib_tag=se&keywords=fertilizer+for+plants&qid=1729346173&sprefix=fer%2Caps%2C196&sr=8-31
"Erwon Hibiscus Plant Growth Booster, Premium Essential Powerful Organic Fertilizer For Overall Growth Of Hibiscus Plants, With Charged Micro-Organism And ++ Micronutrients. (200 Gm), Powder",3.8 out of 5 stars,152,https://www.amazon.in/Hibiscus-Essential-Fertilizer-Micro-Organism-Micronutrients/dp/B0976V7J3P/ref=sr_1_32?crid=27HS7KF1705CM&dib=eyJ2IjoiMSJ9.CTbbbRw1iazxdCXNHHMPxatstSNgxRwFIEtSuqMmDmjQvq61C_fjwvjWZvjUPhPVPN1Ko0PF1Yh7rBvrGNOz1i-omPgdZlVcgycq2E_kZ5m-6_WVwUkAStiY0hnzsUFGQsYDwbjpGg-Lq53fK6LXtQoCsx-BBsm6cU_EL_XagFVc6bSASTfLcMyPLNNwA17z9iUaHDa1G54yIts4VtIzZoGBN_ZLiex4006oI9paMGFi9eZRAUG-96B-SLSEHeawlKMdI6IoeFzhRF0_qxQaYh8LN99rRzF4-lUkvvGfBBM.In-9m5g6aaqDENsZLpjagGS0KAgqZ59TsUtruUTmPWs&dib_tag=se&keywords=fertilizer+for+plants&qid=1729346173&sprefix=fer%2Caps%2C196&sr=8-32
"Lazy Gardener Greenstix Fertilizer Sticks, Magic Stick Plant Food for Indoor & Outdoor Plants, natural fertilizer for Home Garden Plants (Pack of 16 Greenstix)",3.3 out of 5 stars,229,https://www.amazon.in/Lazy-Gardener-Fertilizer-Sticks-Fertilisers/dp/B0BZZ7C2GM/ref=sr_1_33?crid=27HS7KF1705CM&dib=eyJ2IjoiMSJ9.CTbbbRw1iazxdCXNHHMPxatstSNgxRwFIEtSuqMmDmjQvq61C_fjwvjWZvjUPhPVPN1Ko0PF1Yh7rBvrGNOz1i-omPgdZlVcgycq2E_kZ5m-6_WVwUkAStiY0hnzsUFGQsYDwbjpGg-Lq53fK6LXtQoCsx-BBsm6cU_EL_XagFVc6bSASTfLcMyPLNNwA17z9iUaHDa1G54yIts4VtIzZoGBN_ZLiex4006oI9paMGFi9eZRAUG-96B-SLSEHeawlKMdI6IoeFzhRF0_qxQaYh8LN99rRzF4-lUkvvGfBBM.In-9m5g6aaqDENsZLpjagGS0KAgqZ59TsUtruUTmPWs&dib_tag=se&keywords=fertilizer+for+plants&qid=1729346173&sprefix=fer%2Caps%2C196&sr=8-33
Unitedlys Dap Fertilizer Granules For Plants Home Garden 380 Gram With Palak Seed | Dap Fertilizer For Crops | All Purpose Bio Dap Fertilizer For Home Plants & Gardening,4.0 out of 5 stars,217,https://www.amazon.in/Unitedlys-Organic-Nutrient-Booster-Gardening/dp/B09RB898BV/ref=sr_1_34?crid=27HS7KF1705CM&dib=eyJ2IjoiMSJ9.CTbbbRw1iazxdCXNHHMPxatstSNgxRwFIEtSuqMmDmjQvq61C_fjwvjWZvjUPhPVPN1Ko0PF1Yh7rBvrGNOz1i-omPgdZlVcgycq2E_kZ5m-6_WVwUkAStiY0hnzsUFGQsYDwbjpGg-Lq53fK6LXtQoCsx-BBsm6cU_EL_XagFVc6bSASTfLcMyPLNNwA17z9iUaHDa1G54yIts4VtIzZoGBN_ZLiex4006oI9paMGFi9eZRAUG-96B-SLSEHeawlKMdI6IoeFzhRF0_qxQaYh8LN99rRzF4-lUkvvGfBBM.In-9m5g6aaqDENsZLpjagGS0KAgqZ59TsUtruUTmPWs&dib_tag=se&keywords=fertilizer+for+plants&qid=1729346173&sprefix=fer%2Caps%2C196&sr=8-34
TrustBasket Organic Bone Meal for Plants Home Gardening | Steamed Bone Meal | Rich in Phosphorus and Calcium | Natural Plant Fertilizer| - 450 Grams (Set of 2),4.1 out of 5 stars,179,https://www.amazon.in/TrustBasket-Organic-Gardening-Phosphorus-Fertilizer/dp/B09PHQ7SFM/ref=sr_1_35?crid=27HS7KF1705CM&dib=eyJ2IjoiMSJ9.CTbbbRw1iazxdCXNHHMPxatstSNgxRwFIEtSuqMmDmjQvq61C_fjwvjWZvjUPhPVPN1Ko0PF1Yh7rBvrGNOz1i-omPgdZlVcgycq2E_kZ5m-6_WVwUkAStiY0hnzsUFGQsYDwbjpGg-Lq53fK6LXtQoCsx-BBsm6cU_EL_XagFVc6bSASTfLcMyPLNNwA17z9iUaHDa1G54yIts4VtIzZoGBN_ZLiex4006oI9paMGFi9eZRAUG-96B-SLSEHeawlKMdI6IoeFzhRF0_qxQaYh8LN99rRzF4-lUkvvGfBBM.In-9m5g6aaqDENsZLpjagGS0KAgqZ59TsUtruUTmPWs&dib_tag=se&keywords=fertilizer+for+plants&qid=1729346173&sprefix=fer%2Caps%2C196&sr=8-35
"Unitedlys NPK 19 Plant Booster & Enhancer | Complete Plant Food NPK Plant Booster for Growth Boost And Maximum Production | Ideal For Home, Garden & Outdoor Plant Care - 380 Grams",4.0 out of 5 stars,259,https://www.amazon.in/Unitedlys%C2%AE-Fertilizer-Gardening-Complete-Flowering/dp/B08KDMMTNZ/ref=sr_1_36?crid=27HS7KF1705CM&dib=eyJ2IjoiMSJ9.CTbbbRw1iazxdCXNHHMPxatstSNgxRwFIEtSuqMmDmjQvq61C_fjwvjWZvjUPhPVPN1Ko0PF1Yh7rBvrGNOz1i-omPgdZlVcgycq2E_kZ5m-6_WVwUkAStiY0hnzsUFGQsYDwbjpGg-Lq53fK6LXtQoCsx-BBsm6cU_EL_XagFVc6bSASTfLcMyPLNNwA17z9iUaHDa1G54yIts4VtIzZoGBN_ZLiex4006oI9paMGFi9eZRAUG-96B-SLSEHeawlKMdI6IoeFzhRF0_qxQaYh8LN99rRzF4-lUkvvGfBBM.In-9m5g6aaqDENsZLpjagGS0KAgqZ59TsUtruUTmPWs&dib_tag=se&keywords=fertilizer+for+plants&qid=1729346173&sprefix=fer%2Caps%2C196&sr=8-36
Leafy Tales Neem Cake Powder Organic Fertilizer and Pest Repellent for Plants | 1 KG,4.1 out of 5 stars,119,https://www.amazon.in/LeafyTales-Organic-Neem-Fertilizer-Plants/dp/B07TG11H2X/ref=sr_1_37?crid=27HS7KF1705CM&dib=eyJ2IjoiMSJ9.CTbbbRw1iazxdCXNHHMPxatstSNgxRwFIEtSuqMmDmjQvq61C_fjwvjWZvjUPhPVPN1Ko0PF1Yh7rBvrGNOz1i-omPgdZlVcgycq2E_kZ5m-6_WVwUkAStiY0hnzsUFGQsYDwbjpGg-Lq53fK6LXtQoCsx-BBsm6cU_EL_XagFVc6bSASTfLcMyPLNNwA17z9iUaHDa1G54yIts4VtIzZoGBN_ZLiex4006oI9paMGFi9eZRAUG-96B-SLSEHeawlKMdI6IoeFzhRF0_qxQaYh8LN99rRzF4-lUkvvGfBBM.In-9m5g6aaqDENsZLpjagGS0KAgqZ59TsUtruUTmPWs&dib_tag=se&keywords=fertilizer+for+plants&qid=1729346173&sprefix=fer%2Caps%2C196&sr=8-37
Indian Gardens - Organic Dap Similar To Organic Plant Food Prom Fertilizer Powder For Plants | Plant Nutrient And Plant Food | Gardening - 400 Grams,4.0 out of 5 stars,199,https://www.amazon.in/Indian-Gardens-Fertilizer-Nutrient-Gardening/dp/B0C7GKZXCW/ref=sr_1_38?crid=27HS7KF1705CM&dib=eyJ2IjoiMSJ9.CTbbbRw1iazxdCXNHHMPxatstSNgxRwFIEtSuqMmDmjQvq61C_fjwvjWZvjUPhPVPN1Ko0PF1Yh7rBvrGNOz1i-omPgdZlVcgycq2E_kZ5m-6_WVwUkAStiY0hnzsUFGQsYDwbjpGg-Lq53fK6LXtQoCsx-BBsm6cU_EL_XagFVc6bSASTfLcMyPLNNwA17z9iUaHDa1G54yIts4VtIzZoGBN_ZLiex4006oI9paMGFi9eZRAUG-96B-SLSEHeawlKMdI6IoeFzhRF0_qxQaYh8LN99rRzF4-lUkvvGfBBM.In-9m5g6aaqDENsZLpjagGS0KAgqZ59TsUtruUTmPWs&dib_tag=se&keywords=fertilizer+for+plants&qid=1729346173&sprefix=fer%2Caps%2C196&sr=8-38
"Leafy Tales Concentrate Liquid Seaweed Fertilizer Tonic for Plants | 250 ml |All Purpose Indoor & Outdoor Plants, for Plant Growth, Flowering & Fruitingâ€¦",3.9 out of 5 stars,99,https://www.amazon.in/Leafy-Tales-Concentrate-Seaweed-250/dp/B07T8NN1DY/ref=sr_1_39?crid=27HS7KF1705CM&dib=eyJ2IjoiMSJ9.CTbbbRw1iazxdCXNHHMPxatstSNgxRwFIEtSuqMmDmjQvq61C_fjwvjWZvjUPhPVPN1Ko0PF1Yh7rBvrGNOz1i-omPgdZlVcgycq2E_kZ5m-6_WVwUkAStiY0hnzsUFGQsYDwbjpGg-Lq53fK6LXtQoCsx-BBsm6cU_EL_XagFVc6bSASTfLcMyPLNNwA17z9iUaHDa1G54yIts4VtIzZoGBN_ZLiex4006oI9paMGFi9eZRAUG-96B-SLSEHeawlKMdI6IoeFzhRF0_qxQaYh8LN99rRzF4-lUkvvGfBBM.In-9m5g6aaqDENsZLpjagGS0KAgqZ59TsUtruUTmPWs&dib_tag=se&keywords=fertilizer+for+plants&qid=1729346173&sprefix=fer%2Caps%2C196&sr=8-39
Casa De Amor Flower Booster Special Essential Plant Food Powder For Flowering Plants (900 Gm),3.7 out of 5 stars,271,https://www.amazon.in/Casa-Amor-Booster-Essential-Fertilizer/dp/B08CXCXWRS/ref=sr_1_40?crid=27HS7KF1705CM&dib=eyJ2IjoiMSJ9.CTbbbRw1iazxdCXNHHMPxatstSNgxRwFIEtSuqMmDmjQvq61C_fjwvjWZvjUPhPVPN1Ko0PF1Yh7rBvrGNOz1i-omPgdZlVcgycq2E_kZ5m-6_WVwUkAStiY0hnzsUFGQsYDwbjpGg-Lq53fK6LXtQoCsx-BBsm6cU_EL_XagFVc6bSASTfLcMyPLNNwA17z9iUaHDa1G54yIts4VtIzZoGBN_ZLiex4006oI9paMGFi9eZRAUG-96B-SLSEHeawlKMdI6IoeFzhRF0_qxQaYh8LN99rRzF4-lUkvvGfBBM.In-9m5g6aaqDENsZLpjagGS0KAgqZ59TsUtruUTmPWs&dib_tag=se&keywords=fertilizer+for+plants&qid=1729346173&sprefix=fer%2Caps%2C196&sr=8-40
"Lazy Gardener Greenstix Fertilizer Sticks, Magic Stick for Plants | Greenstick Fertilizer for Indoor & Outdoor Plants | Plant Food Stick for Home Garden Plants (50 Sticks)",3.5 out of 5 stars,478,https://www.amazon.in/Lazy-Gardener-GreenStix-Purpose-Fertilizer/dp/B085ZTMTQQ/ref=sr_1_41?crid=27HS7KF1705CM&dib=eyJ2IjoiMSJ9.CTbbbRw1iazxdCXNHHMPxatstSNgxRwFIEtSuqMmDmjQvq61C_fjwvjWZvjUPhPVPN1Ko0PF1Yh7rBvrGNOz1i-omPgdZlVcgycq2E_kZ5m-6_WVwUkAStiY0hnzsUFGQsYDwbjpGg-Lq53fK6LXtQoCsx-BBsm6cU_EL_XagFVc6bSASTfLcMyPLNNwA17z9iUaHDa1G54yIts4VtIzZoGBN_ZLiex4006oI9paMGFi9eZRAUG-96B-SLSEHeawlKMdI6IoeFzhRF0_qxQaYh8LN99rRzF4-lUkvvGfBBM.In-9m5g6aaqDENsZLpjagGS0KAgqZ59TsUtruUTmPWs&dib_tag=se&keywords=fertilizer+for+plants&qid=1729346173&sprefix=fer%2Caps%2C196&sr=8-41
"IFFCO Urban Gardens - Nutri Rich 1Kg - Seaweed Fortified Vermicompost for plants, Cow Dung Based, 100% Organic Fertilizer & Manure",4.2 out of 5 stars,114,https://www.amazon.in/IFFCO-Urban-Gardens-Vermicompost-Fertilizer/dp/B0D7M6CWHS/ref=sr_1_42?crid=27HS7KF1705CM&dib=eyJ2IjoiMSJ9.CTbbbRw1iazxdCXNHHMPxatstSNgxRwFIEtSuqMmDmjQvq61C_fjwvjWZvjUPhPVPN1Ko0PF1Yh7rBvrGNOz1i-omPgdZlVcgycq2E_kZ5m-6_WVwUkAStiY0hnzsUFGQsYDwbjpGg-Lq53fK6LXtQoCsx-BBsm6cU_EL_XagFVc6bSASTfLcMyPLNNwA17z9iUaHDa1G54yIts4VtIzZoGBN_ZLiex4006oI9paMGFi9eZRAUG-96B-SLSEHeawlKMdI6IoeFzhRF0_qxQaYh8LN99rRzF4-lUkvvGfBBM.In-9m5g6aaqDENsZLpjagGS0KAgqZ59TsUtruUTmPWs&dib_tag=se&keywords=fertilizer+for+plants&qid=1729346173&sprefix=fer%2Caps%2C196&sr=8-42
"Go Garden - All In One Plant Fertilizer, Mixed Plant Food For House Plants, Complete Nutrition With Micronutrients - For Better Plant Growth, 10 Sachets, 250 Gram, Powder",4.1 out of 5 stars,303,https://www.amazon.in/Go-Garden-Fertilizer-Gardening-Purpose/dp/B07S8LRGDS/ref=sr_1_43?crid=27HS7KF1705CM&dib=eyJ2IjoiMSJ9.CTbbbRw1iazxdCXNHHMPxatstSNgxRwFIEtSuqMmDmjQvq61C_fjwvjWZvjUPhPVPN1Ko0PF1Yh7rBvrGNOz1i-omPgdZlVcgycq2E_kZ5m-6_WVwUkAStiY0hnzsUFGQsYDwbjpGg-Lq53fK6LXtQoCsx-BBsm6cU_EL_XagFVc6bSASTfLcMyPLNNwA17z9iUaHDa1G54yIts4VtIzZoGBN_ZLiex4006oI9paMGFi9eZRAUG-96B-SLSEHeawlKMdI6IoeFzhRF0_qxQaYh8LN99rRzF4-lUkvvGfBBM.In-9m5g6aaqDENsZLpjagGS0KAgqZ59TsUtruUTmPWs&dib_tag=se&keywords=fertilizer+for+plants&qid=1729346173&sprefix=fer%2Caps%2C196&sr=8-43
"Unitedlys Npk 20 20 20 Fertilizers For Plants Home Garden|Complete Plant Food Npk Fertilizer For Growth Boost&Maximum Production|Ideal For Home,Garden&Outdoor Plant Care-380 Grams,Powder",4.1 out of 5 stars,236,https://www.amazon.in/Unitedlys-Fertilizers-Including-Dhaniya-Production/dp/B08N47965C/ref=sr_1_44?crid=27HS7KF1705CM&dib=eyJ2IjoiMSJ9.CTbbbRw1iazxdCXNHHMPxatstSNgxRwFIEtSuqMmDmjQvq61C_fjwvjWZvjUPhPVPN1Ko0PF1Yh7rBvrGNOz1i-omPgdZlVcgycq2E_kZ5m-6_WVwUkAStiY0hnzsUFGQsYDwbjpGg-Lq53fK6LXtQoCsx-BBsm6cU_EL_XagFVc6bSASTfLcMyPLNNwA17z9iUaHDa1G54yIts4VtIzZoGBN_ZLiex4006oI9paMGFi9eZRAUG-96B-SLSEHeawlKMdI6IoeFzhRF0_qxQaYh8LN99rRzF4-lUkvvGfBBM.In-9m5g6aaqDENsZLpjagGS0KAgqZ59TsUtruUTmPWs&dib_tag=se&keywords=fertilizer+for+plants&qid=1729346173&sprefix=fer%2Caps%2C196&sr=8-44
"BASACOTE High K 6M (From Germany) 6M Slow Release Fertilizer 250G, Granules",4.2 out of 5 stars,459,https://www.amazon.in/BASACOTE-6M-Fertilizer-250G-Granules/dp/B07TCFX9HV/ref=sr_1_45?crid=27HS7KF1705CM&dib=eyJ2IjoiMSJ9.CTbbbRw1iazxdCXNHHMPxatstSNgxRwFIEtSuqMmDmjQvq61C_fjwvjWZvjUPhPVPN1Ko0PF1Yh7rBvrGNOz1i-omPgdZlVcgycq2E_kZ5m-6_WVwUkAStiY0hnzsUFGQsYDwbjpGg-Lq53fK6LXtQoCsx-BBsm6cU_EL_XagFVc6bSASTfLcMyPLNNwA17z9iUaHDa1G54yIts4VtIzZoGBN_ZLiex4006oI9paMGFi9eZRAUG-96B-SLSEHeawlKMdI6IoeFzhRF0_qxQaYh8LN99rRzF4-lUkvvGfBBM.In-9m5g6aaqDENsZLpjagGS0KAgqZ59TsUtruUTmPWs&dib_tag=se&keywords=fertilizer+for+plants&qid=1729346173&sprefix=fer%2Caps%2C196&sr=8-45
EARTHPOWER Vermicompost Fertilizer Manure For Plants 5 Kg |Vermi compost for plant| Organic Manure for Plants | Fertilizer for Home Gardening | Natural Booster for Flowering Plant 5Kg,3.5 out of 5 stars,169,https://www.amazon.in/EARTHPOWER-Vermicompost-Fertilizer-Gardening-Flowering/dp/B0D2RT6G3M/ref=sr_1_46?crid=27HS7KF1705CM&dib=eyJ2IjoiMSJ9.CTbbbRw1iazxdCXNHHMPxatstSNgxRwFIEtSuqMmDmjQvq61C_fjwvjWZvjUPhPVPN1Ko0PF1Yh7rBvrGNOz1i-omPgdZlVcgycq2E_kZ5m-6_WVwUkAStiY0hnzsUFGQsYDwbjpGg-Lq53fK6LXtQoCsx-BBsm6cU_EL_XagFVc6bSASTfLcMyPLNNwA17z9iUaHDa1G54yIts4VtIzZoGBN_ZLiex4006oI9paMGFi9eZRAUG-96B-SLSEHeawlKMdI6IoeFzhRF0_qxQaYh8LN99rRzF4-lUkvvGfBBM.In-9m5g6aaqDENsZLpjagGS0KAgqZ59TsUtruUTmPWs&dib_tag=se&keywords=fertilizer+for+plants&qid=1729346173&sprefix=fer%2Caps%2C196&sr=8-46
Casa De Amor Rose Care Organic Essential Plant Food for Rose Plants (900 Gram),3.9 out of 5 stars,279,https://www.amazon.in/Casa-Amor-Organic-Complete-Plant/dp/B00R03724C/ref=sr_1_47?crid=27HS7KF1705CM&dib=eyJ2IjoiMSJ9.CTbbbRw1iazxdCXNHHMPxatstSNgxRwFIEtSuqMmDmjQvq61C_fjwvjWZvjUPhPVPN1Ko0PF1Yh7rBvrGNOz1i-omPgdZlVcgycq2E_kZ5m-6_WVwUkAStiY0hnzsUFGQsYDwbjpGg-Lq53fK6LXtQoCsx-BBsm6cU_EL_XagFVc6bSASTfLcMyPLNNwA17z9iUaHDa1G54yIts4VtIzZoGBN_ZLiex4006oI9paMGFi9eZRAUG-96B-SLSEHeawlKMdI6IoeFzhRF0_qxQaYh8LN99rRzF4-lUkvvGfBBM.In-9m5g6aaqDENsZLpjagGS0KAgqZ59TsUtruUTmPWs&dib_tag=se&keywords=fertilizer+for+plants&qid=1729346173&sprefix=fer%2Caps%2C196&sr=8-47
IFFCO Urban Gardens - Potash Meal 900gm - Organic Bio Potash Fertilizer for Plants and Home Garden - Plant Nutrient Supplement in Slow Release Granules,4.2 out of 5 stars,179,https://www.amazon.in/IFFCO-Urban-Gardens-Fertilizer-Supplement/dp/B0CCPG5Z4S/ref=sr_1_48?crid=27HS7KF1705CM&dib=eyJ2IjoiMSJ9.CTbbbRw1iazxdCXNHHMPxatstSNgxRwFIEtSuqMmDmjQvq61C_fjwvjWZvjUPhPVPN1Ko0PF1Yh7rBvrGNOz1i-omPgdZlVcgycq2E_kZ5m-6_WVwUkAStiY0hnzsUFGQsYDwbjpGg-Lq53fK6LXtQoCsx-BBsm6cU_EL_XagFVc6bSASTfLcMyPLNNwA17z9iUaHDa1G54yIts4VtIzZoGBN_ZLiex4006oI9paMGFi9eZRAUG-96B-SLSEHeawlKMdI6IoeFzhRF0_qxQaYh8LN99rRzF4-lUkvvGfBBM.In-9m5g6aaqDENsZLpjagGS0KAgqZ59TsUtruUTmPWs&dib_tag=se&keywords=fertilizer+for+plants&qid=1729346173&sprefix=fer%2Caps%2C196&sr=8-48
"IFFCO Urban Gardens - Bone Meal 900gm - Organic Phosphorus + Calcium Fertilizer for Plants and Home Garden - Slow Release Plant Nutrient Supplement - Promotes Flowering, Fruiting & Root Development",4.2 out of 5 stars,169,https://www.amazon.in/IFFCO-Urban-Gardens-Phosphorus-Development/dp/B0CF59DZLY/ref=sr_1_49?crid=27HS7KF1705CM&dib=eyJ2IjoiMSJ9.CTbbbRw1iazxdCXNHHMPxatstSNgxRwFIEtSuqMmDmjQvq61C_fjwvjWZvjUPhPVPN1Ko0PF1Yh7rBvrGNOz1i-omPgdZlVcgycq2E_kZ5m-6_WVwUkAStiY0hnzsUFGQsYDwbjpGg-Lq53fK6LXtQoCsx-BBsm6cU_EL_XagFVc6bSASTfLcMyPLNNwA17z9iUaHDa1G54yIts4VtIzZoGBN_ZLiex4006oI9paMGFi9eZRAUG-96B-SLSEHeawlKMdI6IoeFzhRF0_qxQaYh8LN99rRzF4-lUkvvGfBBM.In-9m5g6aaqDENsZLpjagGS0KAgqZ59TsUtruUTmPWs&dib_tag=se&keywords=fertilizer+for+plants&qid=1729346173&sprefix=fer%2Caps%2C196&sr=8-49
"Lazy Gardener Organic Plant Food Sticks Combo - GreenStix + BloomStix (32 Sticks), Fertilizer for Pot Plants, Flowering & Green Plants, indoor plant fertilizer (16 Greenstix + 16 Bloomstix)",3.1 out of 5 stars,478,https://www.amazon.in/Lazy-Gardener-Organic-Plant-Sticks/dp/B0D37VY7NZ/ref=sr_1_50?crid=27HS7KF1705CM&dib=eyJ2IjoiMSJ9.CTbbbRw1iazxdCXNHHMPxatstSNgxRwFIEtSuqMmDmjQvq61C_fjwvjWZvjUPhPVPN1Ko0PF1Yh7rBvrGNOz1i-omPgdZlVcgycq2E_kZ5m-6_WVwUkAStiY0hnzsUFGQsYDwbjpGg-Lq53fK6LXtQoCsx-BBsm6cU_EL_XagFVc6bSASTfLcMyPLNNwA17z9iUaHDa1G54yIts4VtIzZoGBN_ZLiex4006oI9paMGFi9eZRAUG-96B-SLSEHeawlKMdI6IoeFzhRF0_qxQaYh8LN99rRzF4-lUkvvGfBBM.In-9m5g6aaqDENsZLpjagGS0KAgqZ59TsUtruUTmPWs&dib_tag=se&keywords=fertilizer+for+plants&qid=1729346173&sprefix=fer%2Caps%2C196&sr=8-50
IFFCO Urban Gardens - Epsom Salt Meal - 900gm - Organic Magnesium Sulphate Fertilizer for Plants and Home Garden - Plant Nutrient Supplement in Water Soluble Powder,4.3 out of 5 stars,179,https://www.amazon.in/IFFCO-Urban-Gardens-Fertilizer-Supplement/dp/B0CCPGD9XX/ref=sr_1_51?crid=27HS7KF1705CM&dib=eyJ2IjoiMSJ9.CTbbbRw1iazxdCXNHHMPxatstSNgxRwFIEtSuqMmDmjQvq61C_fjwvjWZvjUPhPVPN1Ko0PF1Yh7rBvrGNOz1i-omPgdZlVcgycq2E_kZ5m-6_WVwUkAStiY0hnzsUFGQsYDwbjpGg-Lq53fK6LXtQoCsx-BBsm6cU_EL_XagFVc6bSASTfLcMyPLNNwA17z9iUaHDa1G54yIts4VtIzZoGBN_ZLiex4006oI9paMGFi9eZRAUG-96B-SLSEHeawlKMdI6IoeFzhRF0_qxQaYh8LN99rRzF4-lUkvvGfBBM.In-9m5g6aaqDENsZLpjagGS0KAgqZ59TsUtruUTmPWs&dib_tag=se&keywords=fertilizer+for+plants&qid=1729346173&sprefix=fer%2Caps%2C196&sr=8-51
Epsom Salt Organic Water Soluble Plant Food For Speed Up Plant Growth Vegetables & Plants Nutrient - Boosts Flowering (900),4.2 out of 5 stars,199,https://www.amazon.in/DIVINE-TREE-Magnesium-Vegetables-Nutrient/dp/B07B7MZFLJ/ref=sr_1_52?crid=27HS7KF1705CM&dib=eyJ2IjoiMSJ9.CTbbbRw1iazxdCXNHHMPxatstSNgxRwFIEtSuqMmDmjQvq61C_fjwvjWZvjUPhPVPN1Ko0PF1Yh7rBvrGNOz1i-omPgdZlVcgycq2E_kZ5m-6_WVwUkAStiY0hnzsUFGQsYDwbjpGg-Lq53fK6LXtQoCsx-BBsm6cU_EL_XagFVc6bSASTfLcMyPLNNwA17z9iUaHDa1G54yIts4VtIzZoGBN_ZLiex4006oI9paMGFi9eZRAUG-96B-SLSEHeawlKMdI6IoeFzhRF0_qxQaYh8LN99rRzF4-lUkvvGfBBM.In-9m5g6aaqDENsZLpjagGS0KAgqZ59TsUtruUTmPWs&dib_tag=se&keywords=fertilizer+for+plants&qid=1729346173&sprefix=fer%2Caps%2C196&sr=8-52
"IFFCO Urban Gardens - Green Diet - 1 Litre - Organic Plant Food, Liquid Fertilizer For Potted Indoor & Outdoor plants, Balanced Macro & Micro Nutrients, Ready to Use Spray",3.7 out of 5 stars,399,https://www.amazon.in/IFFCO-Urban-Gardens-1000ml-Instant/dp/B08HM2JJQS/ref=sr_1_53?crid=27HS7KF1705CM&dib=eyJ2IjoiMSJ9.CTbbbRw1iazxdCXNHHMPxatstSNgxRwFIEtSuqMmDmjQvq61C_fjwvjWZvjUPhPVPN1Ko0PF1Yh7rBvrGNOz1i-omPgdZlVcgycq2E_kZ5m-6_WVwUkAStiY0hnzsUFGQsYDwbjpGg-Lq53fK6LXtQoCsx-BBsm6cU_EL_XagFVc6bSASTfLcMyPLNNwA17z9iUaHDa1G54yIts4VtIzZoGBN_ZLiex4006oI9paMGFi9eZRAUG-96B-SLSEHeawlKMdI6IoeFzhRF0_qxQaYh8LN99rRzF4-lUkvvGfBBM.In-9m5g6aaqDENsZLpjagGS0KAgqZ59TsUtruUTmPWs&dib_tag=se&keywords=fertilizer+for+plants&qid=1729346173&sprefix=fer%2Caps%2C196&sr=8-53
"IFFCO URBAN GARDENS - 200 ML - Sea Secret - Seaweed Extract Liquid Concentrate - Organic Fertilizer & Growth Promoter for Plants, 100% Water Soluble",4.0 out of 5 stars,179,https://www.amazon.in/IFFCO-Urban-Gardens-Concentrate-Bio-Stimulant/dp/B08JYXJWCB/ref=sr_1_54?crid=27HS7KF1705CM&dib=eyJ2IjoiMSJ9.CTbbbRw1iazxdCXNHHMPxatstSNgxRwFIEtSuqMmDmjQvq61C_fjwvjWZvjUPhPVPN1Ko0PF1Yh7rBvrGNOz1i-omPgdZlVcgycq2E_kZ5m-6_WVwUkAStiY0hnzsUFGQsYDwbjpGg-Lq53fK6LXtQoCsx-BBsm6cU_EL_XagFVc6bSASTfLcMyPLNNwA17z9iUaHDa1G54yIts4VtIzZoGBN_ZLiex4006oI9paMGFi9eZRAUG-96B-SLSEHeawlKMdI6IoeFzhRF0_qxQaYh8LN99rRzF4-lUkvvGfBBM.In-9m5g6aaqDENsZLpjagGS0KAgqZ59TsUtruUTmPWs&dib_tag=se&keywords=fertilizer+for+plants&qid=1729346173&sprefix=fer%2Caps%2C196&sr=8-54
Plant Food Sticks for Indoor and Outdoor Plants| Plant Food| Plant Growth Booster| Healthy Plant Flower Food Stick| Sticks For Plant Pack of 40,4.5 out of 5 stars,480,https://www.amazon.in/Sticks-Indoor-Outdoor-Booster-Healthy/dp/B0D7CWFBHQ/ref=sr_1_55?crid=27HS7KF1705CM&dib=eyJ2IjoiMSJ9.CTbbbRw1iazxdCXNHHMPxatstSNgxRwFIEtSuqMmDmjQvq61C_fjwvjWZvjUPhPVPN1Ko0PF1Yh7rBvrGNOz1i-omPgdZlVcgycq2E_kZ5m-6_WVwUkAStiY0hnzsUFGQsYDwbjpGg-Lq53fK6LXtQoCsx-BBsm6cU_EL_XagFVc6bSASTfLcMyPLNNwA17z9iUaHDa1G54yIts4VtIzZoGBN_ZLiex4006oI9paMGFi9eZRAUG-96B-SLSEHeawlKMdI6IoeFzhRF0_qxQaYh8LN99rRzF4-lUkvvGfBBM.In-9m5g6aaqDENsZLpjagGS0KAgqZ59TsUtruUTmPWs&dib_tag=se&keywords=fertilizer+for+plants&qid=1729346173&sprefix=fer%2Caps%2C196&sr=8-55
"Organic Plant Boost Liquid Biofertilizer, 100%-Organic, 3 Pack",4.1 out of 5 stars,379,https://www.amazon.in/Organic-Plant-Liquid-Biofertilizer-100-Organic/dp/B0DCW6JP6P/ref=sr_1_56?crid=27HS7KF1705CM&dib=eyJ2IjoiMSJ9.CTbbbRw1iazxdCXNHHMPxatstSNgxRwFIEtSuqMmDmjQvq61C_fjwvjWZvjUPhPVPN1Ko0PF1Yh7rBvrGNOz1i-omPgdZlVcgycq2E_kZ5m-6_WVwUkAStiY0hnzsUFGQsYDwbjpGg-Lq53fK6LXtQoCsx-BBsm6cU_EL_XagFVc6bSASTfLcMyPLNNwA17z9iUaHDa1G54yIts4VtIzZoGBN_ZLiex4006oI9paMGFi9eZRAUG-96B-SLSEHeawlKMdI6IoeFzhRF0_qxQaYh8LN99rRzF4-lUkvvGfBBM.In-9m5g6aaqDENsZLpjagGS0KAgqZ59TsUtruUTmPWs&dib_tag=se&keywords=fertilizer+for+plants&qid=1729346173&sprefix=fer%2Caps%2C196&sr=8-56
,,,
TrustBasket Nutrient Rich Organic Vermicompost Fertilizer Manure For Plants | Vermicompost For Plants | Compost For Plants Home Garden - 5 Kg,4.2 out of 5 stars,299,https://www.amazon.in/TrustBasket-Organic-Vermicompost-Fertilizer-Manure/dp/B07PRXV7MJ/ref=sr_1_5?dib=eyJ2IjoiMSJ9.3WhlLXN0S8ltdmuN7l0sJf-kzbl-UlVyECPy1oMqQYVDnmet9hRKUEdjB-hhTpPwjhl2-tXNnVs8YRbbc8HBQoeNFqZv9WvTwbGK7EJ43UuNgKgWQblXx2v9BoC-vPiG7BcOOQQLX0wJjltrU5kMlRqziXc2u1k_2amE4anPB2Uz5UK4cOMi-_IiSW5Ph81D9iUaHDa1G54yIts4VtIzZoGBN_ZLiex4006oI9paMGEkCl48SiCef036RC6TwNwQ3dZWXMEOoexsGquCc9XAfkWBD-H4x6TvIGa507jOq0M.QZdfWXAYj2vvLvYIYU8pe1F5CGfLKbWPTsxYeoLP7q0&dib_tag=se&keywords=fertilizer+for+plants&qid=1729334724&sr=8-5
TrustBasket Epsom Salt for plants (1 KG) | Contains Magnesium Sulfur | Water Soluble Plant Fertilizer | Prevents yellowing of leaves | Plant growth supplement,4.2 out of 5 stars,169,https://www.amazon.in/TrustBasket-Epsom-Plant-Growth-Nutrient/dp/B094R3VY99/ref=sr_1_6?dib=eyJ2IjoiMSJ9.3WhlLXN0S8ltdmuN7l0sJf-kzbl-UlVyECPy1oMqQYVDnmet9hRKUEdjB-hhTpPwjhl2-tXNnVs8YRbbc8HBQoeNFqZv9WvTwbGK7EJ43UuNgKgWQblXx2v9BoC-vPiG7BcOOQQLX0wJjltrU5kMlRqziXc2u1k_2amE4anPB2Uz5UK4cOMi-_IiSW5Ph81D9iUaHDa1G54yIts4VtIzZoGBN_ZLiex4006oI9paMGEkCl48SiCef036RC6TwNwQ3dZWXMEOoexsGquCc9XAfkWBD-H4x6TvIGa507jOq0M.QZdfWXAYj2vvLvYIYU8pe1F5CGfLKbWPTsxYeoLP7q0&dib_tag=se&keywords=fertilizer+for+plants&qid=1729334724&sr=8-6
OrganicDews Liquid Seaweed Concentrate for Plants 250 ml with Measuring Cup 25 ml Fertilizer for All Indoor and Outdoor Plants 250 ml,4.1 out of 5 stars,242,https://www.amazon.in/OrganicDews-Liquid-Seaweed-Extract-Measuring/dp/B00VASGL7W/ref=sr_1_7?dib=eyJ2IjoiMSJ9.3WhlLXN0S8ltdmuN7l0sJf-kzbl-UlVyECPy1oMqQYVDnmet9hRKUEdjB-hhTpPwjhl2-tXNnVs8YRbbc8HBQoeNFqZv9WvTwbGK7EJ43UuNgKgWQblXx2v9BoC-vPiG7BcOOQQLX0wJjltrU5kMlRqziXc2u1k_2amE4anPB2Uz5UK4cOMi-_IiSW5Ph81D9iUaHDa1G54yIts4VtIzZoGBN_ZLiex4006oI9paMGEkCl48SiCef036RC6TwNwQ3dZWXMEOoexsGquCc9XAfkWBD-H4x6TvIGa507jOq0M.QZdfWXAYj2vvLvYIYU8pe1F5CGfLKbWPTsxYeoLP7q0&dib_tag=se&keywords=fertilizer+for+plants&qid=1729334724&sr=8-7
"Erwon Npk Nitrogen Powder Potassium Phosphorus Fertilizer, Organic Powerful Fertilizer For Overall Growth Of Plants (200 Gm)",3.9 out of 5 stars,152,https://www.amazon.in/Potassium-Phosphorus-Fertilizer-Erwon-Fungicide/dp/B097GTP9TY/ref=sr_1_8?dib=eyJ2IjoiMSJ9.3WhlLXN0S8ltdmuN7l0sJf-kzbl-UlVyECPy1oMqQYVDnmet9hRKUEdjB-hhTpPwjhl2-tXNnVs8YRbbc8HBQoeNFqZv9WvTwbGK7EJ43UuNgKgWQblXx2v9BoC-vPiG7BcOOQQLX0wJjltrU5kMlRqziXc2u1k_2amE4anPB2Uz5UK4cOMi-_IiSW5Ph81D9iUaHDa1G54yIts4VtIzZoGBN_ZLiex4006oI9paMGEkCl48SiCef036RC6TwNwQ3dZWXMEOoexsGquCc9XAfkWBD-H4x6TvIGa507jOq0M.QZdfWXAYj2vvLvYIYU8pe1F5CGfLKbWPTsxYeoLP7q0&dib_tag=se&keywords=fertilizer+for+plants&qid=1729334724&sr=8-8
SAPRETAILER Epsom Salt Magnesium Sulphate Fertilizer for Plants 1 Kg,4.2 out of 5 stars,80,https://www.amazon.in/SAPRETAILER-Magnesium-Sulphate-Fertilizer-Plants/dp/B09LSNXGXP/ref=sr_1_9?dib=eyJ2IjoiMSJ9.3WhlLXN0S8ltdmuN7l0sJf-kzbl-UlVyECPy1oMqQYVDnmet9hRKUEdjB-hhTpPwjhl2-tXNnVs8YRbbc8HBQoeNFqZv9WvTwbGK7EJ43UuNgKgWQblXx2v9BoC-vPiG7BcOOQQLX0wJjltrU5kMlRqziXc2u1k_2amE4anPB2Uz5UK4cOMi-_IiSW5Ph81D9iUaHDa1G54yIts4VtIzZoGBN_ZLiex4006oI9paMGEkCl48SiCef036RC6TwNwQ3dZWXMEOoexsGquCc9XAfkWBD-H4x6TvIGa507jOq0M.QZdfWXAYj2vvLvYIYU8pe1F5CGfLKbWPTsxYeoLP7q0&dib_tag=se&keywords=fertilizer+for+plants&qid=1729334724&sr=8-9
TrustBasket Neem Cake Powder Organic Fertilizer and Pest Repellent for Plants (450 GMS),4.1 out of 5 stars,144,https://www.amazon.in/TrustBasket-Powder-Organic-Fertilizer-Repellent/dp/B07XP89S1Z/ref=sr_1_10?dib=eyJ2IjoiMSJ9.3WhlLXN0S8ltdmuN7l0sJf-kzbl-UlVyECPy1oMqQYVDnmet9hRKUEdjB-hhTpPwjhl2-tXNnVs8YRbbc8HBQoeNFqZv9WvTwbGK7EJ43UuNgKgWQblXx2v9BoC-vPiG7BcOOQQLX0wJjltrU5kMlRqziXc2u1k_2amE4anPB2Uz5UK4cOMi-_IiSW5Ph81D9iUaHDa1G54yIts4VtIzZoGBN_ZLiex4006oI9paMGEkCl48SiCef036RC6TwNwQ3dZWXMEOoexsGquCc9XAfkWBD-H4x6TvIGa507jOq0M.QZdfWXAYj2vvLvYIYU8pe1F5CGfLKbWPTsxYeoLP7q0&dib_tag=se&keywords=fertilizer+for+plants&qid=1729334724&sr=8-10
Ugaoo Neem Cake Powder for Plants 5 Kg - Organic Fertilizer & Pest Repellent,4.0 out of 5 stars,364,https://www.amazon.in/Ugaoo-Neem-Cake-Powder-Plants/dp/B09CZCXVGY/ref=sr_1_11?dib=eyJ2IjoiMSJ9.3WhlLXN0S8ltdmuN7l0sJf-kzbl-UlVyECPy1oMqQYVDnmet9hRKUEdjB-hhTpPwjhl2-tXNnVs8YRbbc8HBQoeNFqZv9WvTwbGK7EJ43UuNgKgWQblXx2v9BoC-vPiG7BcOOQQLX0wJjltrU5kMlRqziXc2u1k_2amE4anPB2Uz5UK4cOMi-_IiSW5Ph81D9iUaHDa1G54yIts4VtIzZoGBN_ZLiex4006oI9paMGEkCl48SiCef036RC6TwNwQ3dZWXMEOoexsGquCc9XAfkWBD-H4x6TvIGa507jOq0M.QZdfWXAYj2vvLvYIYU8pe1F5CGfLKbWPTsxYeoLP7q0&dib_tag=se&keywords=fertilizer+for+plants&qid=1729334724&sr=8-11
Ugaoo Organic Vermicompost Fertilizer Manure For Plants - 5 Kg,4.2 out of 5 stars,299,https://www.amazon.in/Ugaoo-Organic-Vermicompost-Fertilizer-Plants/dp/B0BDVN579S/ref=sr_1_12?dib=eyJ2IjoiMSJ9.3WhlLXN0S8ltdmuN7l0sJf-kzbl-UlVyECPy1oMqQYVDnmet9hRKUEdjB-hhTpPwjhl2-tXNnVs8YRbbc8HBQoeNFqZv9WvTwbGK7EJ43UuNgKgWQblXx2v9BoC-vPiG7BcOOQQLX0wJjltrU5kMlRqziXc2u1k_2amE4anPB2Uz5UK4cOMi-_IiSW5Ph81D9iUaHDa1G54yIts4VtIzZoGBN_ZLiex4006oI9paMGEkCl48SiCef036RC6TwNwQ3dZWXMEOoexsGquCc9XAfkWBD-H4x6TvIGa507jOq0M.QZdfWXAYj2vvLvYIYU8pe1F5CGfLKbWPTsxYeoLP7q0&dib_tag=se&keywords=fertilizer+for+plants&qid=1729334724&sr=8-12
Go Garden - All Purpose Bio DAP Fertilizer for Home Plants & Gardening Purpose - 100% Water Soluble Fertilizer 400 Gram Granules,4.2 out of 5 stars,198,https://www.amazon.in/Go-Garden-Purpose-Fertilizer-Gardening/dp/B09QKP4GD6/ref=sr_1_13?dib=eyJ2IjoiMSJ9.3WhlLXN0S8ltdmuN7l0sJf-kzbl-UlVyECPy1oMqQYVDnmet9hRKUEdjB-hhTpPwjhl2-tXNnVs8YRbbc8HBQoeNFqZv9WvTwbGK7EJ43UuNgKgWQblXx2v9BoC-vPiG7BcOOQQLX0wJjltrU5kMlRqziXc2u1k_2amE4anPB2Uz5UK4cOMi-_IiSW5Ph81D9iUaHDa1G54yIts4VtIzZoGBN_ZLiex4006oI9paMGEkCl48SiCef036RC6TwNwQ3dZWXMEOoexsGquCc9XAfkWBD-H4x6TvIGa507jOq0M.QZdfWXAYj2vvLvYIYU8pe1F5CGfLKbWPTsxYeoLP7q0&dib_tag=se&keywords=fertilizer+for+plants&qid=1729334724&sr=8-13
Ugaoo Organic Bone Meal Powder Fertilizer for Plants - 1 Kg,4.1 out of 5 stars,189,https://www.amazon.in/Ugaoo-Organic-Powder-Fertilizer-Plants/dp/B09P8RR5F9/ref=sr_1_14?dib=eyJ2IjoiMSJ9.3WhlLXN0S8ltdmuN7l0sJf-kzbl-UlVyECPy1oMqQYVDnmet9hRKUEdjB-hhTpPwjhl2-tXNnVs8YRbbc8HBQoeNFqZv9WvTwbGK7EJ43UuNgKgWQblXx2v9BoC-vPiG7BcOOQQLX0wJjltrU5kMlRqziXc2u1k_2amE4anPB2Uz5UK4cOMi-_IiSW5Ph81D9iUaHDa1G54yIts4VtIzZoGBN_ZLiex4006oI9paMGEkCl48SiCef036RC6TwNwQ3dZWXMEOoexsGquCc9XAfkWBD-H4x6TvIGa507jOq0M.QZdfWXAYj2vvLvYIYU8pe1F5CGfLKbWPTsxYeoLP7q0&dib_tag=se&keywords=fertilizer+for+plants&qid=1729334724&sr=8-14
Ugaoo Epsom Salt for Plants Growth - Magnesium Sulphate Organic Fertilizer - 1 Kg |Powder,4.3 out of 5 stars,189,https://www.amazon.in/Ugaoo-Epsom-Salt-Plants-Growth/dp/B09CZDZSLG/ref=sr_1_15?dib=eyJ2IjoiMSJ9.3WhlLXN0S8ltdmuN7l0sJf-kzbl-UlVyECPy1oMqQYVDnmet9hRKUEdjB-hhTpPwjhl2-tXNnVs8YRbbc8HBQoeNFqZv9WvTwbGK7EJ43UuNgKgWQblXx2v9BoC-vPiG7BcOOQQLX0wJjltrU5kMlRqziXc2u1k_2amE4anPB2Uz5UK4cOMi-_IiSW5Ph81D9iUaHDa1G54yIts4VtIzZoGBN_ZLiex4006oI9paMGEkCl48SiCef036RC6TwNwQ3dZWXMEOoexsGquCc9XAfkWBD-H4x6TvIGa507jOq0M.QZdfWXAYj2vvLvYIYU8pe1F5CGfLKbWPTsxYeoLP7q0&dib_tag=se&keywords=fertilizer+for+plants&qid=1729334724&sr=8-15
"GREENLOOP-All In One Plant Food,Mixed Fertilizer For House Plants,Complete Nutrition With Micronutrients-For Better Plant Growth,10 Sachets,200 Gm,Powder",3.9 out of 5 stars,330,https://www.amazon.in/GREENLOOP-All-Fertilizer-Complete-Nutrition-Micronutrients/dp/B07M5PF634/ref=sr_1_16?dib=eyJ2IjoiMSJ9.3WhlLXN0S8ltdmuN7l0sJf-kzbl-UlVyECPy1oMqQYVDnmet9hRKUEdjB-hhTpPwjhl2-tXNnVs8YRbbc8HBQoeNFqZv9WvTwbGK7EJ43UuNgKgWQblXx2v9BoC-vPiG7BcOOQQLX0wJjltrU5kMlRqziXc2u1k_2amE4anPB2Uz5UK4cOMi-_IiSW5Ph81D9iUaHDa1G54yIts4VtIzZoGBN_ZLiex4006oI9paMGEkCl48SiCef036RC6TwNwQ3dZWXMEOoexsGquCc9XAfkWBD-H4x6TvIGa507jOq0M.QZdfWXAYj2vvLvYIYU8pe1F5CGfLKbWPTsxYeoLP7q0&dib_tag=se&keywords=fertilizer+for+plants&qid=1729334724&sr=8-16
Ugaoo Cow Dung Manure Fertilizers for Plants & Home Gardening - 1 kg,4.3 out of 5 stars,189,https://www.amazon.in/Ugaoo-Cow-Manure-1-Kg/dp/B07D7PTJPN/ref=sr_1_17?dib=eyJ2IjoiMSJ9.3WhlLXN0S8ltdmuN7l0sJf-kzbl-UlVyECPy1oMqQYVDnmet9hRKUEdjB-hhTpPwjhl2-tXNnVs8YRbbc8HBQoeNFqZv9WvTwbGK7EJ43UuNgKgWQblXx2v9BoC-vPiG7BcOOQQLX0wJjltrU5kMlRqziXc2u1k_2amE4anPB2Uz5UK4cOMi-_IiSW5Ph81D9iUaHDa1G54yIts4VtIzZoGBN_ZLiex4006oI9paMGEkCl48SiCef036RC6TwNwQ3dZWXMEOoexsGquCc9XAfkWBD-H4x6TvIGa507jOq0M.QZdfWXAYj2vvLvYIYU8pe1F5CGfLKbWPTsxYeoLP7q0&dib_tag=se&keywords=fertilizer+for+plants&qid=1729334724&sr=8-17
"Shiviproducts NPK 20-20-20 home gardening Fertilizers for Plants (400 gm),powder + Organic Humic Acid Fertilizer for Root Growth (free sample),powder",4.0 out of 5 stars,199,https://www.amazon.in/Shiviproducts-20-20-20-gardening-Fertilizers-Fertilizer/dp/B07B2FRGKH/ref=sr_1_18?dib=eyJ2IjoiMSJ9.3WhlLXN0S8ltdmuN7l0sJf-kzbl-UlVyECPy1oMqQYVDnmet9hRKUEdjB-hhTpPwjhl2-tXNnVs8YRbbc8HBQoeNFqZv9WvTwbGK7EJ43UuNgKgWQblXx2v9BoC-vPiG7BcOOQQLX0wJjltrU5kMlRqziXc2u1k_2amE4anPB2Uz5UK4cOMi-_IiSW5Ph81D9iUaHDa1G54yIts4VtIzZoGBN_ZLiex4006oI9paMGEkCl48SiCef036RC6TwNwQ3dZWXMEOoexsGquCc9XAfkWBD-H4x6TvIGa507jOq0M.QZdfWXAYj2vvLvYIYU8pe1F5CGfLKbWPTsxYeoLP7q0&dib_tag=se&keywords=fertilizer+for+plants&qid=1729334724&sr=8-18
"Bloombuddy All Purpose Plant Feed Fertilizer 1 KG Granules | Hassle-Free Nutrient Boost, Growth Supplement & Complete Plant Food | Enriches Soil with NPK, Micro & Macro Nutrients",4.0 out of 5 stars,349,https://www.amazon.in/Bloombuddy-Fertilizer-KG-Hassle-Free-Supplement/dp/B073TSYKVG/ref=sr_1_19?dib=eyJ2IjoiMSJ9.3WhlLXN0S8ltdmuN7l0sJf-kzbl-UlVyECPy1oMqQYVDnmet9hRKUEdjB-hhTpPwjhl2-tXNnVs8YRbbc8HBQoeNFqZv9WvTwbGK7EJ43UuNgKgWQblXx2v9BoC-vPiG7BcOOQQLX0wJjltrU5kMlRqziXc2u1k_2amE4anPB2Uz5UK4cOMi-_IiSW5Ph81D9iUaHDa1G54yIts4VtIzZoGBN_ZLiex4006oI9paMGEkCl48SiCef036RC6TwNwQ3dZWXMEOoexsGquCc9XAfkWBD-H4x6TvIGa507jOq0M.QZdfWXAYj2vvLvYIYU8pe1F5CGfLKbWPTsxYeoLP7q0&dib_tag=se&keywords=fertilizer+for+plants&qid=1729334724&sr=8-19
"Cocogarden Steamed Bone Meal for Plants 900 gms - Organic fertilizer Powder for Home Gardening, Rich in Phosphorus and Calcium, Nutrient Supplement, Promotes Flowering, Fruiting & Root Development",4.1 out of 5 stars,130,https://www.amazon.in/Cocogarden-Steamed-Organic-3-15-0-Fertilizer/dp/B00ZNO9O50/ref=sr_1_20?dib=eyJ2IjoiMSJ9.3WhlLXN0S8ltdmuN7l0sJf-kzbl-UlVyECPy1oMqQYVDnmet9hRKUEdjB-hhTpPwjhl2-tXNnVs8YRbbc8HBQoeNFqZv9WvTwbGK7EJ43UuNgKgWQblXx2v9BoC-vPiG7BcOOQQLX0wJjltrU5kMlRqziXc2u1k_2amE4anPB2Uz5UK4cOMi-_IiSW5Ph81D9iUaHDa1G54yIts4VtIzZoGBN_ZLiex4006oI9paMGEkCl48SiCef036RC6TwNwQ3dZWXMEOoexsGquCc9XAfkWBD-H4x6TvIGa507jOq0M.QZdfWXAYj2vvLvYIYU8pe1F5CGfLKbWPTsxYeoLP7q0&dib_tag=se&keywords=fertilizer+for+plants&qid=1729334724&sr=8-20
SJ Organics Vermicompost For Plants - 5 Kg | Odorless Fertilizer Powder | Ready to Use Organic Manure | Fertilizers for Plant Home Garden | Enriched Plant Food Fertilisers | Compost for Indoor plants,4.0 out of 5 stars,229,https://www.amazon.in/Organics-Vermicompost-Plants-Fertilizers-Fertilisers/dp/B0CHZ8SLW8/ref=sr_1_25?dib=eyJ2IjoiMSJ9.3WhlLXN0S8ltdmuN7l0sJf-kzbl-UlVyECPy1oMqQYVDnmet9hRKUEdjB-hhTpPwjhl2-tXNnVs8YRbbc8HBQoeNFqZv9WvTwbGK7EJ43UuNgKgWQblXx2v9BoC-vPiG7BcOOQQLX0wJjltrU5kMlRqziXc2u1k_2amE4anPB2Uz5UK4cOMi-_IiSW5Ph81D9iUaHDa1G54yIts4VtIzZoGBN_ZLiex4006oI9paMGEkCl48SiCef036RC6TwNwQ3dZWXMEOoexsGquCc9XAfkWBD-H4x6TvIGa507jOq0M.QZdfWXAYj2vvLvYIYU8pe1F5CGfLKbWPTsxYeoLP7q0&dib_tag=se&keywords=fertilizer+for+plants&qid=1729334724&sr=8-25
Go Garden Growth Boost Liquid Fertilizer: Enhance Plant Growth and Flowering | Home Garden Growth Booster for All Types of Plants | Liquid Fertiliser for Indoor and Outdoor Gardens 250 ML,3.8 out of 5 stars,183,https://www.amazon.in/Go-Garden-Growth-Liquid-Fertilizer/dp/B0CCYY9GHJ/ref=sr_1_26?dib=eyJ2IjoiMSJ9.3WhlLXN0S8ltdmuN7l0sJf-kzbl-UlVyECPy1oMqQYVDnmet9hRKUEdjB-hhTpPwjhl2-tXNnVs8YRbbc8HBQoeNFqZv9WvTwbGK7EJ43UuNgKgWQblXx2v9BoC-vPiG7BcOOQQLX0wJjltrU5kMlRqziXc2u1k_2amE4anPB2Uz5UK4cOMi-_IiSW5Ph81D9iUaHDa1G54yIts4VtIzZoGBN_ZLiex4006oI9paMGEkCl48SiCef036RC6TwNwQ3dZWXMEOoexsGquCc9XAfkWBD-H4x6TvIGa507jOq0M.QZdfWXAYj2vvLvYIYU8pe1F5CGfLKbWPTsxYeoLP7q0&dib_tag=se&keywords=fertilizer+for+plants&qid=1729334724&sr=8-26
"Bloombuddy Growth Booster Fertilizer 1 KG Granules | Home Garden Plants | Indoor & Outdoor | All-in-One Plant Growth Enhancer & Supplement | Flowers, Fruits, Veggies, Herbs",3.9 out of 5 stars,289,https://www.amazon.in/Bloombuddy-Fertilizer-KG-Granules-Supplement/dp/B072V2C572/ref=sr_1_27?dib=eyJ2IjoiMSJ9.3WhlLXN0S8ltdmuN7l0sJf-kzbl-UlVyECPy1oMqQYVDnmet9hRKUEdjB-hhTpPwjhl2-tXNnVs8YRbbc8HBQoeNFqZv9WvTwbGK7EJ43UuNgKgWQblXx2v9BoC-vPiG7BcOOQQLX0wJjltrU5kMlRqziXc2u1k_2amE4anPB2Uz5UK4cOMi-_IiSW5Ph81D9iUaHDa1G54yIts4VtIzZoGBN_ZLiex4006oI9paMGEkCl48SiCef036RC6TwNwQ3dZWXMEOoexsGquCc9XAfkWBD-H4x6TvIGa507jOq0M.QZdfWXAYj2vvLvYIYU8pe1F5CGfLKbWPTsxYeoLP7q0&dib_tag=se&keywords=fertilizer+for+plants&qid=1729334724&sr=8-27
"Erwon Hibiscus Plant Growth Booster, Premium Essential Powerful Organic Fertilizer For Overall Growth Of Hibiscus Plants, With Charged Micro-Organism And ++ Micronutrients. (200 Gm), Powder",3.8 out of 5 stars,152,https://www.amazon.in/Hibiscus-Essential-Fertilizer-Micro-Organism-Micronutrients/dp/B0976V7J3P/ref=sr_1_28?dib=eyJ2IjoiMSJ9.3WhlLXN0S8ltdmuN7l0sJf-kzbl-UlVyECPy1oMqQYVDnmet9hRKUEdjB-hhTpPwjhl2-tXNnVs8YRbbc8HBQoeNFqZv9WvTwbGK7EJ43UuNgKgWQblXx2v9BoC-vPiG7BcOOQQLX0wJjltrU5kMlRqziXc2u1k_2amE4anPB2Uz5UK4cOMi-_IiSW5Ph81D9iUaHDa1G54yIts4VtIzZoGBN_ZLiex4006oI9paMGEkCl48SiCef036RC6TwNwQ3dZWXMEOoexsGquCc9XAfkWBD-H4x6TvIGa507jOq0M.QZdfWXAYj2vvLvYIYU8pe1F5CGfLKbWPTsxYeoLP7q0&dib_tag=se&keywords=fertilizer+for+plants&qid=1729334724&sr=8-28
Greenwood 100% Organic Vermicompost Fertilizer Manure For Plants As Insecticide - 5 Kg for Home Gardening | Soil Mix for Pot Plants | Compost Garden Soil | Natural Booster for Flowering Plant,4.1 out of 5 stars,229,https://www.amazon.in/Greenwood-Vermicompost-Fertilizer-Enriched-Insecticide/dp/B09CPQHW9L/ref=sr_1_29?dib=eyJ2IjoiMSJ9.3WhlLXN0S8ltdmuN7l0sJf-kzbl-UlVyECPy1oMqQYVDnmet9hRKUEdjB-hhTpPwjhl2-tXNnVs8YRbbc8HBQoeNFqZv9WvTwbGK7EJ43UuNgKgWQblXx2v9BoC-vPiG7BcOOQQLX0wJjltrU5kMlRqziXc2u1k_2amE4anPB2Uz5UK4cOMi-_IiSW5Ph81D9iUaHDa1G54yIts4VtIzZoGBN_ZLiex4006oI9paMGEkCl48SiCef036RC6TwNwQ3dZWXMEOoexsGquCc9XAfkWBD-H4x6TvIGa507jOq0M.QZdfWXAYj2vvLvYIYU8pe1F5CGfLKbWPTsxYeoLP7q0&dib_tag=se&keywords=fertilizer+for+plants&qid=1729334724&sr=8-29
Leafy Tales Neem Cake Powder Organic Fertilizer and Pest Repellent for Plants | 1 KG,4.1 out of 5 stars,119,https://www.amazon.in/LeafyTales-Organic-Neem-Fertilizer-Plants/dp/B07TG11H2X/ref=sr_1_30?dib=eyJ2IjoiMSJ9.3WhlLXN0S8ltdmuN7l0sJf-kzbl-UlVyECPy1oMqQYVDnmet9hRKUEdjB-hhTpPwjhl2-tXNnVs8YRbbc8HBQoeNFqZv9WvTwbGK7EJ43UuNgKgWQblXx2v9BoC-vPiG7BcOOQQLX0wJjltrU5kMlRqziXc2u1k_2amE4anPB2Uz5UK4cOMi-_IiSW5Ph81D9iUaHDa1G54yIts4VtIzZoGBN_ZLiex4006oI9paMGEkCl48SiCef036RC6TwNwQ3dZWXMEOoexsGquCc9XAfkWBD-H4x6TvIGa507jOq0M.QZdfWXAYj2vvLvYIYU8pe1F5CGfLKbWPTsxYeoLP7q0&dib_tag=se&keywords=fertilizer+for+plants&qid=1729334724&sr=8-30
UGAOO Plant Food Fertilizer Sticks For All Home Garden Indoor & Outdoor Plants - Pack Of 20,3.5 out of 5 stars,244,https://www.amazon.in/UGAOO-Fertilizer-Sticks-Garden-Outdoor/dp/B0C85J4R9V/ref=sr_1_31?dib=eyJ2IjoiMSJ9.3WhlLXN0S8ltdmuN7l0sJf-kzbl-UlVyECPy1oMqQYVDnmet9hRKUEdjB-hhTpPwjhl2-tXNnVs8YRbbc8HBQoeNFqZv9WvTwbGK7EJ43UuNgKgWQblXx2v9BoC-vPiG7BcOOQQLX0wJjltrU5kMlRqziXc2u1k_2amE4anPB2Uz5UK4cOMi-_IiSW5Ph81D9iUaHDa1G54yIts4VtIzZoGBN_ZLiex4006oI9paMGEkCl48SiCef036RC6TwNwQ3dZWXMEOoexsGquCc9XAfkWBD-H4x6TvIGa507jOq0M.QZdfWXAYj2vvLvYIYU8pe1F5CGfLKbWPTsxYeoLP7q0&dib_tag=se&keywords=fertilizer+for+plants&qid=1729334724&sr=8-31
Unitedlys Dap Fertilizer for Plants Home Garden 380G | Dap Fertilizer for Crops | All Purpose Bio Dap Fertilizer for Home Plants & Gardening,4.0 out of 5 stars,229,https://www.amazon.in/Unitedlys-Organic-Nutrient-Booster-Gardening/dp/B09RB898BV/ref=sr_1_32?dib=eyJ2IjoiMSJ9.3WhlLXN0S8ltdmuN7l0sJf-kzbl-UlVyECPy1oMqQYVDnmet9hRKUEdjB-hhTpPwjhl2-tXNnVs8YRbbc8HBQoeNFqZv9WvTwbGK7EJ43UuNgKgWQblXx2v9BoC-vPiG7BcOOQQLX0wJjltrU5kMlRqziXc2u1k_2amE4anPB2Uz5UK4cOMi-_IiSW5Ph81D9iUaHDa1G54yIts4VtIzZoGBN_ZLiex4006oI9paMGEkCl48SiCef036RC6TwNwQ3dZWXMEOoexsGquCc9XAfkWBD-H4x6TvIGa507jOq0M.QZdfWXAYj2vvLvYIYU8pe1F5CGfLKbWPTsxYeoLP7q0&dib_tag=se&keywords=fertilizer+for+plants&qid=1729334724&sr=8-32
"Kraft Seeds by 10CLUB Vermicompost - 20 kg | Enriched with Cow Urine, Cow Dung, Organic | Vermicompost for Agriculture Farming Greenhouse | Fertiliser Manure for All Plants | Non-toxic, Odorless",4.0 out of 5 stars,669,https://www.amazon.in/Kraft-Seeds-Vermicompost-Complete-Enriched/dp/B092RGM3ST/ref=sr_1_33?dib=eyJ2IjoiMSJ9.3WhlLXN0S8ltdmuN7l0sJf-kzbl-UlVyECPy1oMqQYVDnmet9hRKUEdjB-hhTpPwjhl2-tXNnVs8YRbbc8HBQoeNFqZv9WvTwbGK7EJ43UuNgKgWQblXx2v9BoC-vPiG7BcOOQQLX0wJjltrU5kMlRqziXc2u1k_2amE4anPB2Uz5UK4cOMi-_IiSW5Ph81D9iUaHDa1G54yIts4VtIzZoGBN_ZLiex4006oI9paMGEkCl48SiCef036RC6TwNwQ3dZWXMEOoexsGquCc9XAfkWBD-H4x6TvIGa507jOq0M.QZdfWXAYj2vvLvYIYU8pe1F5CGfLKbWPTsxYeoLP7q0&dib_tag=se&keywords=fertilizer+for+plants&qid=1729334724&sr=8-33
TrustBasket Organic Bone Meal for Plants Home Gardening | Steamed Bone Meal | Rich in Phosphorus and Calcium | Natural Plant Fertilizer| - 450 Grams (Set of 2),4.1 out of 5 stars,179,https://www.amazon.in/TrustBasket-Organic-Gardening-Phosphorus-Fertilizer/dp/B09PHQ7SFM/ref=sr_1_34?dib=eyJ2IjoiMSJ9.3WhlLXN0S8ltdmuN7l0sJf-kzbl-UlVyECPy1oMqQYVDnmet9hRKUEdjB-hhTpPwjhl2-tXNnVs8YRbbc8HBQoeNFqZv9WvTwbGK7EJ43UuNgKgWQblXx2v9BoC-vPiG7BcOOQQLX0wJjltrU5kMlRqziXc2u1k_2amE4anPB2Uz5UK4cOMi-_IiSW5Ph81D9iUaHDa1G54yIts4VtIzZoGBN_ZLiex4006oI9paMGEkCl48SiCef036RC6TwNwQ3dZWXMEOoexsGquCc9XAfkWBD-H4x6TvIGa507jOq0M.QZdfWXAYj2vvLvYIYU8pe1F5CGfLKbWPTsxYeoLP7q0&dib_tag=se&keywords=fertilizer+for+plants&qid=1729334724&sr=8-34
"Unitedlys Npk 19 Fertilizer Powder For Plants 380Gms With Seeds Including Dhaniya, Palak & Methi | Plant Food For Maximum Growth Boost & Production | Ideal For Home, Garden & Outdoor Plant Care",4.0 out of 5 stars,259,https://www.amazon.in/Unitedlys%C2%AE-Fertilizer-Gardening-Complete-Flowering/dp/B08KDMMTNZ/ref=sr_1_35?dib=eyJ2IjoiMSJ9.3WhlLXN0S8ltdmuN7l0sJf-kzbl-UlVyECPy1oMqQYVDnmet9hRKUEdjB-hhTpPwjhl2-tXNnVs8YRbbc8HBQoeNFqZv9WvTwbGK7EJ43UuNgKgWQblXx2v9BoC-vPiG7BcOOQQLX0wJjltrU5kMlRqziXc2u1k_2amE4anPB2Uz5UK4cOMi-_IiSW5Ph81D9iUaHDa1G54yIts4VtIzZoGBN_ZLiex4006oI9paMGEkCl48SiCef036RC6TwNwQ3dZWXMEOoexsGquCc9XAfkWBD-H4x6TvIGa507jOq0M.QZdfWXAYj2vvLvYIYU8pe1F5CGfLKbWPTsxYeoLP7q0&dib_tag=se&keywords=fertilizer+for+plants&qid=1729334724&sr=8-35
"Lazy Gardener Greenstix Fertilizer Sticks, Magic Stick Plant Food for Indoor & Outdoor Plants, natural fertilizer for Home Garden Plants (Pack of 16 Greenstix)",3.3 out of 5 stars,229,https://www.amazon.in/Lazy-Gardener-Fertilizer-Sticks-Fertilisers/dp/B0BZZ7C2GM/ref=sr_1_36?dib=eyJ2IjoiMSJ9.3WhlLXN0S8ltdmuN7l0sJf-kzbl-UlVyECPy1oMqQYVDnmet9hRKUEdjB-hhTpPwjhl2-tXNnVs8YRbbc8HBQoeNFqZv9WvTwbGK7EJ43UuNgKgWQblXx2v9BoC-vPiG7BcOOQQLX0wJjltrU5kMlRqziXc2u1k_2amE4anPB2Uz5UK4cOMi-_IiSW5Ph81D9iUaHDa1G54yIts4VtIzZoGBN_ZLiex4006oI9paMGEkCl48SiCef036RC6TwNwQ3dZWXMEOoexsGquCc9XAfkWBD-H4x6TvIGa507jOq0M.QZdfWXAYj2vvLvYIYU8pe1F5CGfLKbWPTsxYeoLP7q0&dib_tag=se&keywords=fertilizer+for+plants&qid=1729334724&sr=8-36
"Leafy Tales Concentrate Liquid Seaweed Fertilizer Tonic for Plants | 250 ml |All Purpose Indoor & Outdoor Plants, for Plant Growth, Flowering & Fruitingâ€¦",3.9 out of 5 stars,99,https://www.amazon.in/Leafy-Tales-Concentrate-Seaweed-250/dp/B07T8NN1DY/ref=sr_1_37?dib=eyJ2IjoiMSJ9.3WhlLXN0S8ltdmuN7l0sJf-kzbl-UlVyECPy1oMqQYVDnmet9hRKUEdjB-hhTpPwjhl2-tXNnVs8YRbbc8HBQoeNFqZv9WvTwbGK7EJ43UuNgKgWQblXx2v9BoC-vPiG7BcOOQQLX0wJjltrU5kMlRqziXc2u1k_2amE4anPB2Uz5UK4cOMi-_IiSW5Ph81D9iUaHDa1G54yIts4VtIzZoGBN_ZLiex4006oI9paMGEkCl48SiCef036RC6TwNwQ3dZWXMEOoexsGquCc9XAfkWBD-H4x6TvIGa507jOq0M.QZdfWXAYj2vvLvYIYU8pe1F5CGfLKbWPTsxYeoLP7q0&dib_tag=se&keywords=fertilizer+for+plants&qid=1729334724&sr=8-37
Casa De Amor Flower Booster Special Essential Plant Food Powder For Flowering Plants (900 Gm),3.7 out of 5 stars,271,https://www.amazon.in/Casa-Amor-Booster-Essential-Fertilizer/dp/B08CXCXWRS/ref=sr_1_38?dib=eyJ2IjoiMSJ9.3WhlLXN0S8ltdmuN7l0sJf-kzbl-UlVyECPy1oMqQYVDnmet9hRKUEdjB-hhTpPwjhl2-tXNnVs8YRbbc8HBQoeNFqZv9WvTwbGK7EJ43UuNgKgWQblXx2v9BoC-vPiG7BcOOQQLX0wJjltrU5kMlRqziXc2u1k_2amE4anPB2Uz5UK4cOMi-_IiSW5Ph81D9iUaHDa1G54yIts4VtIzZoGBN_ZLiex4006oI9paMGEkCl48SiCef036RC6TwNwQ3dZWXMEOoexsGquCc9XAfkWBD-H4x6TvIGa507jOq0M.QZdfWXAYj2vvLvYIYU8pe1F5CGfLKbWPTsxYeoLP7q0&dib_tag=se&keywords=fertilizer+for+plants&qid=1729334724&sr=8-38
TrustBasket Cow Dung Manure for Plants - 5 Kg | Fertilizer for plants | Manure for home gardening,4.2 out of 5 stars,322,https://www.amazon.in/Trust-basket-Cow-Manure-Plant/dp/B07Q3VYJYB/ref=sr_1_39?dib=eyJ2IjoiMSJ9.3WhlLXN0S8ltdmuN7l0sJf-kzbl-UlVyECPy1oMqQYVDnmet9hRKUEdjB-hhTpPwjhl2-tXNnVs8YRbbc8HBQoeNFqZv9WvTwbGK7EJ43UuNgKgWQblXx2v9BoC-vPiG7BcOOQQLX0wJjltrU5kMlRqziXc2u1k_2amE4anPB2Uz5UK4cOMi-_IiSW5Ph81D9iUaHDa1G54yIts4VtIzZoGBN_ZLiex4006oI9paMGEkCl48SiCef036RC6TwNwQ3dZWXMEOoexsGquCc9XAfkWBD-H4x6TvIGa507jOq0M.QZdfWXAYj2vvLvYIYU8pe1F5CGfLKbWPTsxYeoLP7q0&dib_tag=se&keywords=fertilizer+for+plants&qid=1729334724&sr=8-39
Indian Gardens - Organic Dap Similar To Organic Plant Food Prom Fertilizer Powder For Plants | Plant Nutrient And Plant Food | Gardening - 400 Grams,4.0 out of 5 stars,199,https://www.amazon.in/Indian-Gardens-Fertilizer-Nutrient-Gardening/dp/B0C7GKZXCW/ref=sr_1_40?dib=eyJ2IjoiMSJ9.3WhlLXN0S8ltdmuN7l0sJf-kzbl-UlVyECPy1oMqQYVDnmet9hRKUEdjB-hhTpPwjhl2-tXNnVs8YRbbc8HBQoeNFqZv9WvTwbGK7EJ43UuNgKgWQblXx2v9BoC-vPiG7BcOOQQLX0wJjltrU5kMlRqziXc2u1k_2amE4anPB2Uz5UK4cOMi-_IiSW5Ph81D9iUaHDa1G54yIts4VtIzZoGBN_ZLiex4006oI9paMGEkCl48SiCef036RC6TwNwQ3dZWXMEOoexsGquCc9XAfkWBD-H4x6TvIGa507jOq0M.QZdfWXAYj2vvLvYIYU8pe1F5CGfLKbWPTsxYeoLP7q0&dib_tag=se&keywords=fertilizer+for+plants&qid=1729334724&sr=8-40
"Lazy Gardener Greenstix Fertilizer Sticks, Magic Stick for Plants | Greenstick Fertilizer for Indoor & Outdoor Plants | Plant Food Stick for Home Garden Plants (50 Sticks)",3.5 out of 5 stars,478,https://www.amazon.in/Lazy-Gardener-GreenStix-Purpose-Fertilizer/dp/B085ZTMTQQ/ref=sr_1_41?dib=eyJ2IjoiMSJ9.3WhlLXN0S8ltdmuN7l0sJf-kzbl-UlVyECPy1oMqQYVDnmet9hRKUEdjB-hhTpPwjhl2-tXNnVs8YRbbc8HBQoeNFqZv9WvTwbGK7EJ43UuNgKgWQblXx2v9BoC-vPiG7BcOOQQLX0wJjltrU5kMlRqziXc2u1k_2amE4anPB2Uz5UK4cOMi-_IiSW5Ph81D9iUaHDa1G54yIts4VtIzZoGBN_ZLiex4006oI9paMGEkCl48SiCef036RC6TwNwQ3dZWXMEOoexsGquCc9XAfkWBD-H4x6TvIGa507jOq0M.QZdfWXAYj2vvLvYIYU8pe1F5CGfLKbWPTsxYeoLP7q0&dib_tag=se&keywords=fertilizer+for+plants&qid=1729334724&sr=8-41
"IFFCO Urban Gardens - Nutri Rich 1Kg - Seaweed Fortified Vermicompost for plants, Cow Dung Based, 100% Organic Fertilizer & Manure",4.2 out of 5 stars,114,https://www.amazon.in/IFFCO-Urban-Gardens-Vermicompost-Fertilizer/dp/B0D7M6CWHS/ref=sr_1_42?dib=eyJ2IjoiMSJ9.3WhlLXN0S8ltdmuN7l0sJf-kzbl-UlVyECPy1oMqQYVDnmet9hRKUEdjB-hhTpPwjhl2-tXNnVs8YRbbc8HBQoeNFqZv9WvTwbGK7EJ43UuNgKgWQblXx2v9BoC-vPiG7BcOOQQLX0wJjltrU5kMlRqziXc2u1k_2amE4anPB2Uz5UK4cOMi-_IiSW5Ph81D9iUaHDa1G54yIts4VtIzZoGBN_ZLiex4006oI9paMGEkCl48SiCef036RC6TwNwQ3dZWXMEOoexsGquCc9XAfkWBD-H4x6TvIGa507jOq0M.QZdfWXAYj2vvLvYIYU8pe1F5CGfLKbWPTsxYeoLP7q0&dib_tag=se&keywords=fertilizer+for+plants&qid=1729334724&sr=8-42
Casa De Amor Rose Care Organic Essential Plant Food for Rose Plants (900 Gram),3.9 out of 5 stars,279,https://www.amazon.in/Casa-Amor-Organic-Complete-Plant/dp/B00R03724C/ref=sr_1_43?dib=eyJ2IjoiMSJ9.3WhlLXN0S8ltdmuN7l0sJf-kzbl-UlVyECPy1oMqQYVDnmet9hRKUEdjB-hhTpPwjhl2-tXNnVs8YRbbc8HBQoeNFqZv9WvTwbGK7EJ43UuNgKgWQblXx2v9BoC-vPiG7BcOOQQLX0wJjltrU5kMlRqziXc2u1k_2amE4anPB2Uz5UK4cOMi-_IiSW5Ph81D9iUaHDa1G54yIts4VtIzZoGBN_ZLiex4006oI9paMGEkCl48SiCef036RC6TwNwQ3dZWXMEOoexsGquCc9XAfkWBD-H4x6TvIGa507jOq0M.QZdfWXAYj2vvLvYIYU8pe1F5CGfLKbWPTsxYeoLP7q0&dib_tag=se&keywords=fertilizer+for+plants&qid=1729334724&sr=8-43
"Lazy Gardener Organic Plant Food Sticks Combo - GreenStix + BloomStix (32 Sticks), Fertilizer for Pot Plants, Flowering & Green Plants, indoor plant fertilizer (16 Greenstix + 16 Bloomstix)",3.1 out of 5 stars,478,https://www.amazon.in/Lazy-Gardener-Organic-Plant-Sticks/dp/B0D37VY7NZ/ref=sr_1_44?dib=eyJ2IjoiMSJ9.3WhlLXN0S8ltdmuN7l0sJf-kzbl-UlVyECPy1oMqQYVDnmet9hRKUEdjB-hhTpPwjhl2-tXNnVs8YRbbc8HBQoeNFqZv9WvTwbGK7EJ43UuNgKgWQblXx2v9BoC-vPiG7BcOOQQLX0wJjltrU5kMlRqziXc2u1k_2amE4anPB2Uz5UK4cOMi-_IiSW5Ph81D9iUaHDa1G54yIts4VtIzZoGBN_ZLiex4006oI9paMGEkCl48SiCef036RC6TwNwQ3dZWXMEOoexsGquCc9XAfkWBD-H4x6TvIGa507jOq0M.QZdfWXAYj2vvLvYIYU8pe1F5CGfLKbWPTsxYeoLP7q0&dib_tag=se&keywords=fertilizer+for+plants&qid=1729334724&sr=8-44
"IFFCO Urban Gardens - Green Diet - 1 Litre - Organic Plant Food, Liquid Fertilizer For Potted Indoor & Outdoor plants, Balanced Macro & Micro Nutrients, Ready to Use Spray",3.7 out of 5 stars,399,https://www.amazon.in/IFFCO-Urban-Gardens-1000ml-Instant/dp/B08HM2JJQS/ref=sr_1_45?dib=eyJ2IjoiMSJ9.3WhlLXN0S8ltdmuN7l0sJf-kzbl-UlVyECPy1oMqQYVDnmet9hRKUEdjB-hhTpPwjhl2-tXNnVs8YRbbc8HBQoeNFqZv9WvTwbGK7EJ43UuNgKgWQblXx2v9BoC-vPiG7BcOOQQLX0wJjltrU5kMlRqziXc2u1k_2amE4anPB2Uz5UK4cOMi-_IiSW5Ph81D9iUaHDa1G54yIts4VtIzZoGBN_ZLiex4006oI9paMGEkCl48SiCef036RC6TwNwQ3dZWXMEOoexsGquCc9XAfkWBD-H4x6TvIGa507jOq0M.QZdfWXAYj2vvLvYIYU8pe1F5CGfLKbWPTsxYeoLP7q0&dib_tag=se&keywords=fertilizer+for+plants&qid=1729334724&sr=8-45
"Unitedlys Npk 20 20 20 Fertilizers For Plants Home Garden|Complete Plant Food Npk Fertilizer For Growth Boost&Maximum Production|Ideal For Home,Garden&Outdoor Plant Care-380 Grams,Powder",4.1 out of 5 stars,236,https://www.amazon.in/Unitedlys-Fertilizers-Including-Dhaniya-Production/dp/B08N47965C/ref=sr_1_46?dib=eyJ2IjoiMSJ9.3WhlLXN0S8ltdmuN7l0sJf-kzbl-UlVyECPy1oMqQYVDnmet9hRKUEdjB-hhTpPwjhl2-tXNnVs8YRbbc8HBQoeNFqZv9WvTwbGK7EJ43UuNgKgWQblXx2v9BoC-vPiG7BcOOQQLX0wJjltrU5kMlRqziXc2u1k_2amE4anPB2Uz5UK4cOMi-_IiSW5Ph81D9iUaHDa1G54yIts4VtIzZoGBN_ZLiex4006oI9paMGEkCl48SiCef036RC6TwNwQ3dZWXMEOoexsGquCc9XAfkWBD-H4x6TvIGa507jOq0M.QZdfWXAYj2vvLvYIYU8pe1F5CGfLKbWPTsxYeoLP7q0&dib_tag=se&keywords=fertilizer+for+plants&qid=1729334724&sr=8-46
"BASACOTE High K 6M (From Germany) 6M Slow Release Fertilizer 250G, Granules",4.2 out of 5 stars,459,https://www.amazon.in/BASACOTE-6M-Fertilizer-250G-Granules/dp/B07TCFX9HV/ref=sr_1_47?dib=eyJ2IjoiMSJ9.3WhlLXN0S8ltdmuN7l0sJf-kzbl-UlVyECPy1oMqQYVDnmet9hRKUEdjB-hhTpPwjhl2-tXNnVs8YRbbc8HBQoeNFqZv9WvTwbGK7EJ43UuNgKgWQblXx2v9BoC-vPiG7BcOOQQLX0wJjltrU5kMlRqziXc2u1k_2amE4anPB2Uz5UK4cOMi-_IiSW5Ph81D9iUaHDa1G54yIts4VtIzZoGBN_ZLiex4006oI9paMGEkCl48SiCef036RC6TwNwQ3dZWXMEOoexsGquCc9XAfkWBD-H4x6TvIGa507jOq0M.QZdfWXAYj2vvLvYIYU8pe1F5CGfLKbWPTsxYeoLP7q0&dib_tag=se&keywords=fertilizer+for+plants&qid=1729334724&sr=8-47
"Go Garden - All In One Plant Fertilizer, Mixed Plant Food For House Plants, Complete Nutrition With Micronutrients - For Better Plant Growth, 10 Sachets, 250 Gram, Powder",4.1 out of 5 stars,303,https://www.amazon.in/Go-Garden-Fertilizer-Gardening-Purpose/dp/B07S8LRGDS/ref=sr_1_48?dib=eyJ2IjoiMSJ9.3WhlLXN0S8ltdmuN7l0sJf-kzbl-UlVyECPy1oMqQYVDnmet9hRKUEdjB-hhTpPwjhl2-tXNnVs8YRbbc8HBQoeNFqZv9WvTwbGK7EJ43UuNgKgWQblXx2v9BoC-vPiG7BcOOQQLX0wJjltrU5kMlRqziXc2u1k_2amE4anPB2Uz5UK4cOMi-_IiSW5Ph81D9iUaHDa1G54yIts4VtIzZoGBN_ZLiex4006oI9paMGEkCl48SiCef036RC6TwNwQ3dZWXMEOoexsGquCc9XAfkWBD-H4x6TvIGa507jOq0M.QZdfWXAYj2vvLvYIYU8pe1F5CGfLKbWPTsxYeoLP7q0&dib_tag=se&keywords=fertilizer+for+plants&qid=1729334724&sr=8-48
EARTHPOWER Vermicompost Fertilizer Manure For Plants 5 Kg |Vermi compost for plant| Organic Manure for Plants | Fertilizer for Home Gardening | Natural Booster for Flowering Plant 5Kg,3.5 out of 5 stars,169,https://www.amazon.in/EARTHPOWER-Vermicompost-Fertilizer-Gardening-Flowering/dp/B0D2RT6G3M/ref=sr_1_49?dib=eyJ2IjoiMSJ9.3WhlLXN0S8ltdmuN7l0sJf-kzbl-UlVyECPy1oMqQYVDnmet9hRKUEdjB-hhTpPwjhl2-tXNnVs8YRbbc8HBQoeNFqZv9WvTwbGK7EJ43UuNgKgWQblXx2v9BoC-vPiG7BcOOQQLX0wJjltrU5kMlRqziXc2u1k_2amE4anPB2Uz5UK4cOMi-_IiSW5Ph81D9iUaHDa1G54yIts4VtIzZoGBN_ZLiex4006oI9paMGEkCl48SiCef036RC6TwNwQ3dZWXMEOoexsGquCc9XAfkWBD-H4x6TvIGa507jOq0M.QZdfWXAYj2vvLvYIYU8pe1F5CGfLKbWPTsxYeoLP7q0&dib_tag=se&keywords=fertilizer+for+plants&qid=1729334724&sr=8-49
IFFCO Urban Gardens - Potash Meal 900gm - Organic Bio Potash Fertilizer for Plants and Home Garden - Plant Nutrient Supplement in Slow Release Granules,4.2 out of 5 stars,179,https://www.amazon.in/IFFCO-Urban-Gardens-Fertilizer-Supplement/dp/B0CCPG5Z4S/ref=sr_1_50?dib=eyJ2IjoiMSJ9.3WhlLXN0S8ltdmuN7l0sJf-kzbl-UlVyECPy1oMqQYVDnmet9hRKUEdjB-hhTpPwjhl2-tXNnVs8YRbbc8HBQoeNFqZv9WvTwbGK7EJ43UuNgKgWQblXx2v9BoC-vPiG7BcOOQQLX0wJjltrU5kMlRqziXc2u1k_2amE4anPB2Uz5UK4cOMi-_IiSW5Ph81D9iUaHDa1G54yIts4VtIzZoGBN_ZLiex4006oI9paMGEkCl48SiCef036RC6TwNwQ3dZWXMEOoexsGquCc9XAfkWBD-H4x6TvIGa507jOq0M.QZdfWXAYj2vvLvYIYU8pe1F5CGfLKbWPTsxYeoLP7q0&dib_tag=se&keywords=fertilizer+for+plants&qid=1729334724&sr=8-50
"IFFCO Urban Gardens - Bone Meal 900gm - Organic Phosphorus + Calcium Fertilizer for Plants and Home Garden - Slow Release Plant Nutrient Supplement - Promotes Flowering, Fruiting & Root Development",4.2 out of 5 stars,169,https://www.amazon.in/IFFCO-Urban-Gardens-Phosphorus-Development/dp/B0CF59DZLY/ref=sr_1_51?dib=eyJ2IjoiMSJ9.3WhlLXN0S8ltdmuN7l0sJf-kzbl-UlVyECPy1oMqQYVDnmet9hRKUEdjB-hhTpPwjhl2-tXNnVs8YRbbc8HBQoeNFqZv9WvTwbGK7EJ43UuNgKgWQblXx2v9BoC-vPiG7BcOOQQLX0wJjltrU5kMlRqziXc2u1k_2amE4anPB2Uz5UK4cOMi-_IiSW5Ph81D9iUaHDa1G54yIts4VtIzZoGBN_ZLiex4006oI9paMGEkCl48SiCef036RC6TwNwQ3dZWXMEOoexsGquCc9XAfkWBD-H4x6TvIGa507jOq0M.QZdfWXAYj2vvLvYIYU8pe1F5CGfLKbWPTsxYeoLP7q0&dib_tag=se&keywords=fertilizer+for+plants&qid=1729334724&sr=8-51
Cocogarden Epsom Salt for Plants - 900 gms Magnesium Sulphate Organic Fertilizer I Plant Growth Nutrient Supplement in Water Soluble Powder,4.2 out of 5 stars,151,https://www.amazon.in/Cocogarden-Epsom-Salt-Magnesium-Sulphate/dp/B073DH5WXG/ref=sr_1_52?dib=eyJ2IjoiMSJ9.3WhlLXN0S8ltdmuN7l0sJf-kzbl-UlVyECPy1oMqQYVDnmet9hRKUEdjB-hhTpPwjhl2-tXNnVs8YRbbc8HBQoeNFqZv9WvTwbGK7EJ43UuNgKgWQblXx2v9BoC-vPiG7BcOOQQLX0wJjltrU5kMlRqziXc2u1k_2amE4anPB2Uz5UK4cOMi-_IiSW5Ph81D9iUaHDa1G54yIts4VtIzZoGBN_ZLiex4006oI9paMGEkCl48SiCef036RC6TwNwQ3dZWXMEOoexsGquCc9XAfkWBD-H4x6TvIGa507jOq0M.QZdfWXAYj2vvLvYIYU8pe1F5CGfLKbWPTsxYeoLP7q0&dib_tag=se&keywords=fertilizer+for+plants&qid=1729334724&sr=8-52
"ErwonÂ® All Plants Growth Booster Organic fertilizer, Powerful Essential Liquid Fertilizer for Plants Growth, flowers, vegetables and fruit plants (1000 ml)",4.1 out of 5 stars,345,https://www.amazon.in/fertilizer-Essential-Fertilizer-vegetables-1000/dp/B0CNPTMZCZ/ref=sr_1_53?dib=eyJ2IjoiMSJ9.3WhlLXN0S8ltdmuN7l0sJf-kzbl-UlVyECPy1oMqQYVDnmet9hRKUEdjB-hhTpPwjhl2-tXNnVs8YRbbc8HBQoeNFqZv9WvTwbGK7EJ43UuNgKgWQblXx2v9BoC-vPiG7BcOOQQLX0wJjltrU5kMlRqziXc2u1k_2amE4anPB2Uz5UK4cOMi-_IiSW5Ph81D9iUaHDa1G54yIts4VtIzZoGBN_ZLiex4006oI9paMGEkCl48SiCef036RC6TwNwQ3dZWXMEOoexsGquCc9XAfkWBD-H4x6TvIGa507jOq0M.QZdfWXAYj2vvLvYIYU8pe1F5CGfLKbWPTsxYeoLP7q0&dib_tag=se&keywords=fertilizer+for+plants&qid=1729334724&sr=8-53
"DIVINE TREE Epsom Salt for Plants - Water Soluble Organic Plant Fertilizer - Magnesium Sulphate Fertilizer for Plants and Home Garden Boost Growth, Improve Soil & Nourish Healthier Plants (900gm)",4.2 out of 5 stars,199,https://www.amazon.in/DIVINE-TREE-Magnesium-Vegetables-Nutrient/dp/B07B7MZFLJ/ref=sr_1_54?dib=eyJ2IjoiMSJ9.3WhlLXN0S8ltdmuN7l0sJf-kzbl-UlVyECPy1oMqQYVDnmet9hRKUEdjB-hhTpPwjhl2-tXNnVs8YRbbc8HBQoeNFqZv9WvTwbGK7EJ43UuNgKgWQblXx2v9BoC-vPiG7BcOOQQLX0wJjltrU5kMlRqziXc2u1k_2amE4anPB2Uz5UK4cOMi-_IiSW5Ph81D9iUaHDa1G54yIts4VtIzZoGBN_ZLiex4006oI9paMGEkCl48SiCef036RC6TwNwQ3dZWXMEOoexsGquCc9XAfkWBD-H4x6TvIGa507jOq0M.QZdfWXAYj2vvLvYIYU8pe1F5CGfLKbWPTsxYeoLP7q0&dib_tag=se&keywords=fertilizer+for+plants&qid=1729334724&sr=8-54
SAPRETAILER Organic Rock Phosphate Essential Fertilizer All Purpose Crushed Powder for Fruiting and Flowering Plants 1Kg,4.0 out of 5 stars,87.,https://www.amazon.in/SAPRETAILER-Phosphate-Essential-Fertilizer-Flowering/dp/B08NGX8DH8/ref=sr_1_55?dib=eyJ2IjoiMSJ9.3WhlLXN0S8ltdmuN7l0sJf-kzbl-UlVyECPy1oMqQYVDnmet9hRKUEdjB-hhTpPwjhl2-tXNnVs8YRbbc8HBQoeNFqZv9WvTwbGK7EJ43UuNgKgWQblXx2v9BoC-vPiG7BcOOQQLX0wJjltrU5kMlRqziXc2u1k_2amE4anPB2Uz5UK4cOMi-_IiSW5Ph81D9iUaHDa1G54yIts4VtIzZoGBN_ZLiex4006oI9paMGEkCl48SiCef036RC6TwNwQ3dZWXMEOoexsGquCc9XAfkWBD-H4x6TvIGa507jOq0M.QZdfWXAYj2vvLvYIYU8pe1F5CGfLKbWPTsxYeoLP7q0&dib_tag=se&keywords=fertilizer+for+plants&qid=1729334724&sr=8-55
"GreenLoop Indoor Plant Food - Liquid Food for Indoor Plants, Two Bottles, Each 30 ml",3.8 out of 5 stars,280,https://www.amazon.in/GREENLOOP-GreenLoop-Indoor-Plant-Food/dp/B07ZBXSFXC/ref=sr_1_56?dib=eyJ2IjoiMSJ9.3WhlLXN0S8ltdmuN7l0sJf-kzbl-UlVyECPy1oMqQYVDnmet9hRKUEdjB-hhTpPwjhl2-tXNnVs8YRbbc8HBQoeNFqZv9WvTwbGK7EJ43UuNgKgWQblXx2v9BoC-vPiG7BcOOQQLX0wJjltrU5kMlRqziXc2u1k_2amE4anPB2Uz5UK4cOMi-_IiSW5Ph81D9iUaHDa1G54yIts4VtIzZoGBN_ZLiex4006oI9paMGEkCl48SiCef036RC6TwNwQ3dZWXMEOoexsGquCc9XAfkWBD-H4x6TvIGa507jOq0M.QZdfWXAYj2vvLvYIYU8pe1F5CGfLKbWPTsxYeoLP7q0&dib_tag=se&keywords=fertilizer+for+plants&qid=1729334724&sr=8-56
